Name,Sport,Date,Start time,Duration,Total distance (km),Average heart rate (bpm),Average speed (km/h),Max speed (km/h),Average pace (min/km),Max pace (min/km),Calories,Fat percentage of calories(%),Average cadence (rpm),Average stride length (cm),Running index,Training load,Ascent (m),Descent (m),Average power (W),Max power (W),Notes,Height (cm),Weight (kg),HR max,HR sit,VO2max,
RDchip,STRENGTH_TRAINING,12-02-2020,08:14:34,01:01:49,0.00,132,,,,,566,17,,,,,,,,,back and triceps ,,,,,,
Sample rate,Time,HR (bpm),Speed (km/h),Pace (min/km),Cadence,Altitude (m),Stride length (m),Distances (m),Temperatures (C),Power (W),
1,00:00:00,87,,,,,,,,,
,00:00:01,87,,,,,,,,,
,00:00:02,87,,,,,,,,,
,00:00:03,87,,,,,,,,,
,00:00:04,89,,,,,,,,,
,00:00:05,90,,,,,,,,,
,00:00:06,91,,,,,,,,,
,00:00:07,91,,,,,,,,,
,00:00:08,91,,,,,,,,,
,00:00:09,91,,,,,,,,,
,00:00:10,91,,,,,,,,,
,00:00:11,91,,,,,,,,,
,00:00:12,91,,,,,,,,,
,00:00:13,91,,,,,,,,,
,00:00:14,91,,,,,,,,,
,00:00:15,92,,,,,,,,,
,00:00:16,92,,,,,,,,,
,00:00:17,92,,,,,,,,,
,00:00:18,92,,,,,,,,,
,00:00:19,93,,,,,,,,,
,00:00:20,93,,,,,,,,,
,00:00:21,93,,,,,,,,,
,00:00:22,93,,,,,,,,,
,00:00:23,94,,,,,,,,,
,00:00:24,94,,,,,,,,,
,00:00:25,94,,,,,,,,,
,00:00:26,94,,,,,,,,,
,00:00:27,94,,,,,,,,,
,00:00:28,95,,,,,,,,,
,00:00:29,95,,,,,,,,,
,00:00:30,95,,,,,,,,,
,00:00:31,94,,,,,,,,,
,00:00:32,92,,,,,,,,,
,00:00:33,91,,,,,,,,,
,00:00:34,91,,,,,,,,,
,00:00:35,89,,,,,,,,,
,00:00:36,89,,,,,,,,,
,00:00:37,87,,,,,,,,,
,00:00:38,87,,,,,,,,,
,00:00:39,88,,,,,,,,,
,00:00:40,88,,,,,,,,,
,00:00:41,89,,,,,,,,,
,00:00:42,89,,,,,,,,,
,00:00:43,86,,,,,,,,,
,00:00:44,86,,,,,,,,,
,00:00:45,86,,,,,,,,,
,00:00:46,86,,,,,,,,,
,00:00:47,86,,,,,,,,,
,00:00:48,86,,,,,,,,,
,00:00:49,86,,,,,,,,,
,00:00:50,88,,,,,,,,,
,00:00:51,88,,,,,,,,,
,00:00:52,87,,,,,,,,,
,00:00:53,87,,,,,,,,,
,00:00:54,87,,,,,,,,,
,00:00:55,87,,,,,,,,,
,00:00:56,87,,,,,,,,,
,00:00:57,87,,,,,,,,,
,00:00:58,87,,,,,,,,,
,00:00:59,87,,,,,,,,,
,00:01:00,87,,,,,,,,,
,00:01:01,87,,,,,,,,,
,00:01:02,87,,,,,,,,,
,00:01:03,87,,,,,,,,,
,00:01:04,87,,,,,,,,,
,00:01:05,87,,,,,,,,,
,00:01:06,87,,,,,,,,,
,00:01:07,87,,,,,,,,,
,00:01:08,87,,,,,,,,,
,00:01:09,87,,,,,,,,,
,00:01:10,87,,,,,,,,,
,00:01:11,87,,,,,,,,,
,00:01:12,86,,,,,,,,,
,00:01:13,86,,,,,,,,,
,00:01:14,86,,,,,,,,,
,00:01:15,85,,,,,,,,,
,00:01:16,85,,,,,,,,,
,00:01:17,85,,,,,,,,,
,00:01:18,86,,,,,,,,,
,00:01:19,86,,,,,,,,,
,00:01:20,87,,,,,,,,,
,00:01:21,87,,,,,,,,,
,00:01:22,87,,,,,,,,,
,00:01:23,87,,,,,,,,,
,00:01:24,87,,,,,,,,,
,00:01:25,86,,,,,,,,,
,00:01:26,86,,,,,,,,,
,00:01:27,87,,,,,,,,,
,00:01:28,87,,,,,,,,,
,00:01:29,89,,,,,,,,,
,00:01:30,89,,,,,,,,,
,00:01:31,90,,,,,,,,,
,00:01:32,90,,,,,,,,,
,00:01:33,90,,,,,,,,,
,00:01:34,90,,,,,,,,,
,00:01:35,90,,,,,,,,,
,00:01:36,90,,,,,,,,,
,00:01:37,90,,,,,,,,,
,00:01:38,91,,,,,,,,,
,00:01:39,91,,,,,,,,,
,00:01:40,90,,,,,,,,,
,00:01:41,89,,,,,,,,,
,00:01:42,90,,,,,,,,,
,00:01:43,89,,,,,,,,,
,00:01:44,90,,,,,,,,,
,00:01:45,89,,,,,,,,,
,00:01:46,89,,,,,,,,,
,00:01:47,88,,,,,,,,,
,00:01:48,87,,,,,,,,,
,00:01:49,87,,,,,,,,,
,00:01:50,87,,,,,,,,,
,00:01:51,86,,,,,,,,,
,00:01:52,86,,,,,,,,,
,00:01:53,86,,,,,,,,,
,00:01:54,86,,,,,,,,,
,00:01:55,86,,,,,,,,,
,00:01:56,87,,,,,,,,,
,00:01:57,87,,,,,,,,,
,00:01:58,87,,,,,,,,,
,00:01:59,87,,,,,,,,,
,00:02:00,87,,,,,,,,,
,00:02:01,88,,,,,,,,,
,00:02:02,88,,,,,,,,,
,00:02:03,87,,,,,,,,,
,00:02:04,87,,,,,,,,,
,00:02:05,87,,,,,,,,,
,00:02:06,88,,,,,,,,,
,00:02:07,88,,,,,,,,,
,00:02:08,88,,,,,,,,,
,00:02:09,89,,,,,,,,,
,00:02:10,89,,,,,,,,,
,00:02:11,89,,,,,,,,,
,00:02:12,89,,,,,,,,,
,00:02:13,89,,,,,,,,,
,00:02:14,90,,,,,,,,,
,00:02:15,90,,,,,,,,,
,00:02:16,90,,,,,,,,,
,00:02:17,90,,,,,,,,,
,00:02:18,90,,,,,,,,,
,00:02:19,91,,,,,,,,,
,00:02:20,92,,,,,,,,,
,00:02:21,92,,,,,,,,,
,00:02:22,92,,,,,,,,,
,00:02:23,92,,,,,,,,,
,00:02:24,92,,,,,,,,,
,00:02:25,91,,,,,,,,,
,00:02:26,91,,,,,,,,,
,00:02:27,90,,,,,,,,,
,00:02:28,91,,,,,,,,,
,00:02:29,91,,,,,,,,,
,00:02:30,93,,,,,,,,,
,00:02:31,93,,,,,,,,,
,00:02:32,93,,,,,,,,,
,00:02:33,96,,,,,,,,,
,00:02:34,96,,,,,,,,,
,00:02:35,96,,,,,,,,,
,00:02:36,96,,,,,,,,,
,00:02:37,96,,,,,,,,,
,00:02:38,97,,,,,,,,,
,00:02:39,97,,,,,,,,,
,00:02:40,97,,,,,,,,,
,00:02:41,97,,,,,,,,,
,00:02:42,97,,,,,,,,,
,00:02:43,97,,,,,,,,,
,00:02:44,97,,,,,,,,,
,00:02:45,97,,,,,,,,,
,00:02:46,97,,,,,,,,,
,00:02:47,97,,,,,,,,,
,00:02:48,97,,,,,,,,,
,00:02:49,97,,,,,,,,,
,00:02:50,97,,,,,,,,,
,00:02:51,97,,,,,,,,,
,00:02:52,97,,,,,,,,,
,00:02:53,100,,,,,,,,,
,00:02:54,101,,,,,,,,,
,00:02:55,101,,,,,,,,,
,00:02:56,103,,,,,,,,,
,00:02:57,103,,,,,,,,,
,00:02:58,102,,,,,,,,,
,00:02:59,101,,,,,,,,,
,00:03:00,101,,,,,,,,,
,00:03:01,101,,,,,,,,,
,00:03:02,101,,,,,,,,,
,00:03:03,101,,,,,,,,,
,00:03:04,101,,,,,,,,,
,00:03:05,101,,,,,,,,,
,00:03:06,101,,,,,,,,,
,00:03:07,101,,,,,,,,,
,00:03:08,101,,,,,,,,,
,00:03:09,101,,,,,,,,,
,00:03:10,101,,,,,,,,,
,00:03:11,101,,,,,,,,,
,00:03:12,101,,,,,,,,,
,00:03:13,100,,,,,,,,,
,00:03:14,100,,,,,,,,,
,00:03:15,100,,,,,,,,,
,00:03:16,100,,,,,,,,,
,00:03:17,101,,,,,,,,,
,00:03:18,101,,,,,,,,,
,00:03:19,100,,,,,,,,,
,00:03:20,99,,,,,,,,,
,00:03:21,99,,,,,,,,,
,00:03:22,100,,,,,,,,,
,00:03:23,100,,,,,,,,,
,00:03:24,101,,,,,,,,,
,00:03:25,101,,,,,,,,,
,00:03:26,101,,,,,,,,,
,00:03:27,100,,,,,,,,,
,00:03:28,100,,,,,,,,,
,00:03:29,100,,,,,,,,,
,00:03:30,100,,,,,,,,,
,00:03:31,100,,,,,,,,,
,00:03:32,100,,,,,,,,,
,00:03:33,99,,,,,,,,,
,00:03:34,99,,,,,,,,,
,00:03:35,99,,,,,,,,,
,00:03:36,100,,,,,,,,,
,00:03:37,100,,,,,,,,,
,00:03:38,101,,,,,,,,,
,00:03:39,101,,,,,,,,,
,00:03:40,101,,,,,,,,,
,00:03:41,101,,,,,,,,,
,00:03:42,103,,,,,,,,,
,00:03:43,103,,,,,,,,,
,00:03:44,104,,,,,,,,,
,00:03:45,104,,,,,,,,,
,00:03:46,104,,,,,,,,,
,00:03:47,104,,,,,,,,,
,00:03:48,104,,,,,,,,,
,00:03:49,104,,,,,,,,,
,00:03:50,104,,,,,,,,,
,00:03:51,104,,,,,,,,,
,00:03:52,104,,,,,,,,,
,00:03:53,104,,,,,,,,,
,00:03:54,105,,,,,,,,,
,00:03:55,105,,,,,,,,,
,00:03:56,105,,,,,,,,,
,00:03:57,105,,,,,,,,,
,00:03:58,105,,,,,,,,,
,00:03:59,105,,,,,,,,,
,00:04:00,105,,,,,,,,,
,00:04:01,105,,,,,,,,,
,00:04:02,105,,,,,,,,,
,00:04:03,105,,,,,,,,,
,00:04:04,105,,,,,,,,,
,00:04:05,105,,,,,,,,,
,00:04:06,105,,,,,,,,,
,00:04:07,105,,,,,,,,,
,00:04:08,105,,,,,,,,,
,00:04:09,105,,,,,,,,,
,00:04:10,109,,,,,,,,,
,00:04:11,112,,,,,,,,,
,00:04:12,112,,,,,,,,,
,00:04:13,115,,,,,,,,,
,00:04:14,118,,,,,,,,,
,00:04:15,119,,,,,,,,,
,00:04:16,120,,,,,,,,,
,00:04:17,121,,,,,,,,,
,00:04:18,122,,,,,,,,,
,00:04:19,122,,,,,,,,,
,00:04:20,123,,,,,,,,,
,00:04:21,124,,,,,,,,,
,00:04:22,124,,,,,,,,,
,00:04:23,126,,,,,,,,,
,00:04:24,126,,,,,,,,,
,00:04:25,127,,,,,,,,,
,00:04:26,128,,,,,,,,,
,00:04:27,129,,,,,,,,,
,00:04:28,129,,,,,,,,,
,00:04:29,129,,,,,,,,,
,00:04:30,129,,,,,,,,,
,00:04:31,130,,,,,,,,,
,00:04:32,130,,,,,,,,,
,00:04:33,130,,,,,,,,,
,00:04:34,132,,,,,,,,,
,00:04:35,133,,,,,,,,,
,00:04:36,133,,,,,,,,,
,00:04:37,134,,,,,,,,,
,00:04:38,135,,,,,,,,,
,00:04:39,135,,,,,,,,,
,00:04:40,136,,,,,,,,,
,00:04:41,136,,,,,,,,,
,00:04:42,136,,,,,,,,,
,00:04:43,134,,,,,,,,,
,00:04:44,134,,,,,,,,,
,00:04:45,131,,,,,,,,,
,00:04:46,131,,,,,,,,,
,00:04:47,131,,,,,,,,,
,00:04:48,131,,,,,,,,,
,00:04:49,129,,,,,,,,,
,00:04:50,126,,,,,,,,,
,00:04:51,126,,,,,,,,,
,00:04:52,123,,,,,,,,,
,00:04:53,121,,,,,,,,,
,00:04:54,121,,,,,,,,,
,00:04:55,119,,,,,,,,,
,00:04:56,117,,,,,,,,,
,00:04:57,117,,,,,,,,,
,00:04:58,115,,,,,,,,,
,00:04:59,115,,,,,,,,,
,00:05:00,115,,,,,,,,,
,00:05:01,115,,,,,,,,,
,00:05:02,115,,,,,,,,,
,00:05:03,115,,,,,,,,,
,00:05:04,116,,,,,,,,,
,00:05:05,116,,,,,,,,,
,00:05:06,117,,,,,,,,,
,00:05:07,117,,,,,,,,,
,00:05:08,120,,,,,,,,,
,00:05:09,121,,,,,,,,,
,00:05:10,121,,,,,,,,,
,00:05:11,124,,,,,,,,,
,00:05:12,124,,,,,,,,,
,00:05:13,122,,,,,,,,,
,00:05:14,122,,,,,,,,,
,00:05:15,122,,,,,,,,,
,00:05:16,122,,,,,,,,,
,00:05:17,122,,,,,,,,,
,00:05:18,122,,,,,,,,,
,00:05:19,124,,,,,,,,,
,00:05:20,123,,,,,,,,,
,00:05:21,124,,,,,,,,,
,00:05:22,123,,,,,,,,,
,00:05:23,122,,,,,,,,,
,00:05:24,120,,,,,,,,,
,00:05:25,120,,,,,,,,,
,00:05:26,120,,,,,,,,,
,00:05:27,120,,,,,,,,,
,00:05:28,120,,,,,,,,,
,00:05:29,120,,,,,,,,,
,00:05:30,120,,,,,,,,,
,00:05:31,120,,,,,,,,,
,00:05:32,120,,,,,,,,,
,00:05:33,120,,,,,,,,,
,00:05:34,120,,,,,,,,,
,00:05:35,121,,,,,,,,,
,00:05:36,123,,,,,,,,,
,00:05:37,125,,,,,,,,,
,00:05:38,127,,,,,,,,,
,00:05:39,128,,,,,,,,,
,00:05:40,130,,,,,,,,,
,00:05:41,131,,,,,,,,,
,00:05:42,132,,,,,,,,,
,00:05:43,132,,,,,,,,,
,00:05:44,133,,,,,,,,,
,00:05:45,134,,,,,,,,,
,00:05:46,135,,,,,,,,,
,00:05:47,135,,,,,,,,,
,00:05:48,136,,,,,,,,,
,00:05:49,136,,,,,,,,,
,00:05:50,135,,,,,,,,,
,00:05:51,135,,,,,,,,,
,00:05:52,136,,,,,,,,,
,00:05:53,136,,,,,,,,,
,00:05:54,136,,,,,,,,,
,00:05:55,136,,,,,,,,,
,00:05:56,136,,,,,,,,,
,00:05:57,136,,,,,,,,,
,00:05:58,136,,,,,,,,,
,00:05:59,133,,,,,,,,,
,00:06:00,129,,,,,,,,,
,00:06:01,128,,,,,,,,,
,00:06:02,130,,,,,,,,,
,00:06:03,131,,,,,,,,,
,00:06:04,131,,,,,,,,,
,00:06:05,131,,,,,,,,,
,00:06:06,132,,,,,,,,,
,00:06:07,132,,,,,,,,,
,00:06:08,135,,,,,,,,,
,00:06:09,135,,,,,,,,,
,00:06:10,136,,,,,,,,,
,00:06:11,137,,,,,,,,,
,00:06:12,137,,,,,,,,,
,00:06:13,136,,,,,,,,,
,00:06:14,135,,,,,,,,,
,00:06:15,135,,,,,,,,,
,00:06:16,135,,,,,,,,,
,00:06:17,135,,,,,,,,,
,00:06:18,134,,,,,,,,,
,00:06:19,133,,,,,,,,,
,00:06:20,133,,,,,,,,,
,00:06:21,132,,,,,,,,,
,00:06:22,131,,,,,,,,,
,00:06:23,130,,,,,,,,,
,00:06:24,130,,,,,,,,,
,00:06:25,131,,,,,,,,,
,00:06:26,132,,,,,,,,,
,00:06:27,132,,,,,,,,,
,00:06:28,131,,,,,,,,,
,00:06:29,127,,,,,,,,,
,00:06:30,127,,,,,,,,,
,00:06:31,127,,,,,,,,,
,00:06:32,127,,,,,,,,,
,00:06:33,126,,,,,,,,,
,00:06:34,125,,,,,,,,,
,00:06:35,125,,,,,,,,,
,00:06:36,126,,,,,,,,,
,00:06:37,128,,,,,,,,,
,00:06:38,128,,,,,,,,,
,00:06:39,128,,,,,,,,,
,00:06:40,128,,,,,,,,,
,00:06:41,127,,,,,,,,,
,00:06:42,127,,,,,,,,,
,00:06:43,126,,,,,,,,,
,00:06:44,126,,,,,,,,,
,00:06:45,126,,,,,,,,,
,00:06:46,126,,,,,,,,,
,00:06:47,126,,,,,,,,,
,00:06:48,126,,,,,,,,,
,00:06:49,126,,,,,,,,,
,00:06:50,126,,,,,,,,,
,00:06:51,125,,,,,,,,,
,00:06:52,124,,,,,,,,,
,00:06:53,124,,,,,,,,,
,00:06:54,126,,,,,,,,,
,00:06:55,127,,,,,,,,,
,00:06:56,127,,,,,,,,,
,00:06:57,128,,,,,,,,,
,00:06:58,129,,,,,,,,,
,00:06:59,131,,,,,,,,,
,00:07:00,131,,,,,,,,,
,00:07:01,133,,,,,,,,,
,00:07:02,133,,,,,,,,,
,00:07:03,134,,,,,,,,,
,00:07:04,134,,,,,,,,,
,00:07:05,136,,,,,,,,,
,00:07:06,137,,,,,,,,,
,00:07:07,137,,,,,,,,,
,00:07:08,140,,,,,,,,,
,00:07:09,142,,,,,,,,,
,00:07:10,143,,,,,,,,,
,00:07:11,143,,,,,,,,,
,00:07:12,146,,,,,,,,,
,00:07:13,147,,,,,,,,,
,00:07:14,147,,,,,,,,,
,00:07:15,147,,,,,,,,,
,00:07:16,150,,,,,,,,,
,00:07:17,151,,,,,,,,,
,00:07:18,152,,,,,,,,,
,00:07:19,152,,,,,,,,,
,00:07:20,153,,,,,,,,,
,00:07:21,153,,,,,,,,,
,00:07:22,153,,,,,,,,,
,00:07:23,154,,,,,,,,,
,00:07:24,154,,,,,,,,,
,00:07:25,154,,,,,,,,,
,00:07:26,155,,,,,,,,,
,00:07:27,154,,,,,,,,,
,00:07:28,154,,,,,,,,,
,00:07:29,154,,,,,,,,,
,00:07:30,153,,,,,,,,,
,00:07:31,153,,,,,,,,,
,00:07:32,153,,,,,,,,,
,00:07:33,153,,,,,,,,,
,00:07:34,150,,,,,,,,,
,00:07:35,148,,,,,,,,,
,00:07:36,147,,,,,,,,,
,00:07:37,146,,,,,,,,,
,00:07:38,145,,,,,,,,,
,00:07:39,145,,,,,,,,,
,00:07:40,145,,,,,,,,,
,00:07:41,145,,,,,,,,,
,00:07:42,145,,,,,,,,,
,00:07:43,146,,,,,,,,,
,00:07:44,147,,,,,,,,,
,00:07:45,147,,,,,,,,,
,00:07:46,148,,,,,,,,,
,00:07:47,148,,,,,,,,,
,00:07:48,148,,,,,,,,,
,00:07:49,147,,,,,,,,,
,00:07:50,147,,,,,,,,,
,00:07:51,147,,,,,,,,,
,00:07:52,147,,,,,,,,,
,00:07:53,147,,,,,,,,,
,00:07:54,147,,,,,,,,,
,00:07:55,147,,,,,,,,,
,00:07:56,147,,,,,,,,,
,00:07:57,148,,,,,,,,,
,00:07:58,148,,,,,,,,,
,00:07:59,149,,,,,,,,,
,00:08:00,149,,,,,,,,,
,00:08:01,150,,,,,,,,,
,00:08:02,150,,,,,,,,,
,00:08:03,150,,,,,,,,,
,00:08:04,151,,,,,,,,,
,00:08:05,151,,,,,,,,,
,00:08:06,151,,,,,,,,,
,00:08:07,152,,,,,,,,,
,00:08:08,153,,,,,,,,,
,00:08:09,154,,,,,,,,,
,00:08:10,154,,,,,,,,,
,00:08:11,155,,,,,,,,,
,00:08:12,155,,,,,,,,,
,00:08:13,155,,,,,,,,,
,00:08:14,157,,,,,,,,,
,00:08:15,158,,,,,,,,,
,00:08:16,158,,,,,,,,,
,00:08:17,157,,,,,,,,,
,00:08:18,157,,,,,,,,,
,00:08:19,157,,,,,,,,,
,00:08:20,157,,,,,,,,,
,00:08:21,157,,,,,,,,,
,00:08:22,157,,,,,,,,,
,00:08:23,157,,,,,,,,,
,00:08:24,156,,,,,,,,,
,00:08:25,156,,,,,,,,,
,00:08:26,156,,,,,,,,,
,00:08:27,157,,,,,,,,,
,00:08:28,157,,,,,,,,,
,00:08:29,157,,,,,,,,,
,00:08:30,158,,,,,,,,,
,00:08:31,158,,,,,,,,,
,00:08:32,158,,,,,,,,,
,00:08:33,157,,,,,,,,,
,00:08:34,157,,,,,,,,,
,00:08:35,157,,,,,,,,,
,00:08:36,156,,,,,,,,,
,00:08:37,156,,,,,,,,,
,00:08:38,156,,,,,,,,,
,00:08:39,157,,,,,,,,,
,00:08:40,157,,,,,,,,,
,00:08:41,157,,,,,,,,,
,00:08:42,157,,,,,,,,,
,00:08:43,157,,,,,,,,,
,00:08:44,157,,,,,,,,,
,00:08:45,157,,,,,,,,,
,00:08:46,157,,,,,,,,,
,00:08:47,157,,,,,,,,,
,00:08:48,157,,,,,,,,,
,00:08:49,157,,,,,,,,,
,00:08:50,158,,,,,,,,,
,00:08:51,159,,,,,,,,,
,00:08:52,160,,,,,,,,,
,00:08:53,161,,,,,,,,,
,00:08:54,162,,,,,,,,,
,00:08:55,162,,,,,,,,,
,00:08:56,162,,,,,,,,,
,00:08:57,162,,,,,,,,,
,00:08:58,162,,,,,,,,,
,00:08:59,162,,,,,,,,,
,00:09:00,162,,,,,,,,,
,00:09:01,162,,,,,,,,,
,00:09:02,163,,,,,,,,,
,00:09:03,163,,,,,,,,,
,00:09:04,162,,,,,,,,,
,00:09:05,161,,,,,,,,,
,00:09:06,161,,,,,,,,,
,00:09:07,160,,,,,,,,,
,00:09:08,159,,,,,,,,,
,00:09:09,158,,,,,,,,,
,00:09:10,157,,,,,,,,,
,00:09:11,156,,,,,,,,,
,00:09:12,155,,,,,,,,,
,00:09:13,154,,,,,,,,,
,00:09:14,155,,,,,,,,,
,00:09:15,155,,,,,,,,,
,00:09:16,155,,,,,,,,,
,00:09:17,154,,,,,,,,,
,00:09:18,153,,,,,,,,,
,00:09:19,153,,,,,,,,,
,00:09:20,151,,,,,,,,,
,00:09:21,151,,,,,,,,,
,00:09:22,151,,,,,,,,,
,00:09:23,151,,,,,,,,,
,00:09:24,151,,,,,,,,,
,00:09:25,151,,,,,,,,,
,00:09:26,151,,,,,,,,,
,00:09:27,151,,,,,,,,,
,00:09:28,151,,,,,,,,,
,00:09:29,150,,,,,,,,,
,00:09:30,149,,,,,,,,,
,00:09:31,149,,,,,,,,,
,00:09:32,149,,,,,,,,,
,00:09:33,148,,,,,,,,,
,00:09:34,149,,,,,,,,,
,00:09:35,149,,,,,,,,,
,00:09:36,150,,,,,,,,,
,00:09:37,151,,,,,,,,,
,00:09:38,151,,,,,,,,,
,00:09:39,151,,,,,,,,,
,00:09:40,152,,,,,,,,,
,00:09:41,152,,,,,,,,,
,00:09:42,153,,,,,,,,,
,00:09:43,153,,,,,,,,,
,00:09:44,153,,,,,,,,,
,00:09:45,153,,,,,,,,,
,00:09:46,154,,,,,,,,,
,00:09:47,154,,,,,,,,,
,00:09:48,154,,,,,,,,,
,00:09:49,153,,,,,,,,,
,00:09:50,151,,,,,,,,,
,00:09:51,151,,,,,,,,,
,00:09:52,150,,,,,,,,,
,00:09:53,150,,,,,,,,,
,00:09:54,149,,,,,,,,,
,00:09:55,148,,,,,,,,,
,00:09:56,147,,,,,,,,,
,00:09:57,147,,,,,,,,,
,00:09:58,148,,,,,,,,,
,00:09:59,149,,,,,,,,,
,00:10:00,149,,,,,,,,,
,00:10:01,151,,,,,,,,,
,00:10:02,152,,,,,,,,,
,00:10:03,152,,,,,,,,,
,00:10:04,153,,,,,,,,,
,00:10:05,153,,,,,,,,,
,00:10:06,153,,,,,,,,,
,00:10:07,152,,,,,,,,,
,00:10:08,152,,,,,,,,,
,00:10:09,151,,,,,,,,,
,00:10:10,150,,,,,,,,,
,00:10:11,149,,,,,,,,,
,00:10:12,149,,,,,,,,,
,00:10:13,147,,,,,,,,,
,00:10:14,146,,,,,,,,,
,00:10:15,144,,,,,,,,,
,00:10:16,143,,,,,,,,,
,00:10:17,143,,,,,,,,,
,00:10:18,141,,,,,,,,,
,00:10:19,140,,,,,,,,,
,00:10:20,139,,,,,,,,,
,00:10:21,141,,,,,,,,,
,00:10:22,141,,,,,,,,,
,00:10:23,141,,,,,,,,,
,00:10:24,141,,,,,,,,,
,00:10:25,139,,,,,,,,,
,00:10:26,137,,,,,,,,,
,00:10:27,136,,,,,,,,,
,00:10:28,134,,,,,,,,,
,00:10:29,135,,,,,,,,,
,00:10:30,135,,,,,,,,,
,00:10:31,135,,,,,,,,,
,00:10:32,135,,,,,,,,,
,00:10:33,136,,,,,,,,,
,00:10:34,136,,,,,,,,,
,00:10:35,136,,,,,,,,,
,00:10:36,136,,,,,,,,,
,00:10:37,136,,,,,,,,,
,00:10:38,135,,,,,,,,,
,00:10:39,134,,,,,,,,,
,00:10:40,133,,,,,,,,,
,00:10:41,134,,,,,,,,,
,00:10:42,135,,,,,,,,,
,00:10:43,136,,,,,,,,,
,00:10:44,136,,,,,,,,,
,00:10:45,137,,,,,,,,,
,00:10:46,137,,,,,,,,,
,00:10:47,136,,,,,,,,,
,00:10:48,135,,,,,,,,,
,00:10:49,135,,,,,,,,,
,00:10:50,135,,,,,,,,,
,00:10:51,134,,,,,,,,,
,00:10:52,133,,,,,,,,,
,00:10:53,133,,,,,,,,,
,00:10:54,134,,,,,,,,,
,00:10:55,135,,,,,,,,,
,00:10:56,135,,,,,,,,,
,00:10:57,135,,,,,,,,,
,00:10:58,134,,,,,,,,,
,00:10:59,134,,,,,,,,,
,00:11:00,134,,,,,,,,,
,00:11:01,134,,,,,,,,,
,00:11:02,135,,,,,,,,,
,00:11:03,135,,,,,,,,,
,00:11:04,136,,,,,,,,,
,00:11:05,137,,,,,,,,,
,00:11:06,137,,,,,,,,,
,00:11:07,137,,,,,,,,,
,00:11:08,137,,,,,,,,,
,00:11:09,137,,,,,,,,,
,00:11:10,137,,,,,,,,,
,00:11:11,137,,,,,,,,,
,00:11:12,138,,,,,,,,,
,00:11:13,138,,,,,,,,,
,00:11:14,139,,,,,,,,,
,00:11:15,139,,,,,,,,,
,00:11:16,139,,,,,,,,,
,00:11:17,139,,,,,,,,,
,00:11:18,140,,,,,,,,,
,00:11:19,140,,,,,,,,,
,00:11:20,139,,,,,,,,,
,00:11:21,138,,,,,,,,,
,00:11:22,137,,,,,,,,,
,00:11:23,137,,,,,,,,,
,00:11:24,134,,,,,,,,,
,00:11:25,133,,,,,,,,,
,00:11:26,133,,,,,,,,,
,00:11:27,133,,,,,,,,,
,00:11:28,133,,,,,,,,,
,00:11:29,134,,,,,,,,,
,00:11:30,135,,,,,,,,,
,00:11:31,138,,,,,,,,,
,00:11:32,140,,,,,,,,,
,00:11:33,141,,,,,,,,,
,00:11:34,143,,,,,,,,,
,00:11:35,145,,,,,,,,,
,00:11:36,147,,,,,,,,,
,00:11:37,148,,,,,,,,,
,00:11:38,150,,,,,,,,,
,00:11:39,151,,,,,,,,,
,00:11:40,152,,,,,,,,,
,00:11:41,153,,,,,,,,,
,00:11:42,154,,,,,,,,,
,00:11:43,156,,,,,,,,,
,00:11:44,157,,,,,,,,,
,00:11:45,157,,,,,,,,,
,00:11:46,158,,,,,,,,,
,00:11:47,159,,,,,,,,,
,00:11:48,160,,,,,,,,,
,00:11:49,160,,,,,,,,,
,00:11:50,160,,,,,,,,,
,00:11:51,160,,,,,,,,,
,00:11:52,159,,,,,,,,,
,00:11:53,159,,,,,,,,,
,00:11:54,158,,,,,,,,,
,00:11:55,156,,,,,,,,,
,00:11:56,155,,,,,,,,,
,00:11:57,155,,,,,,,,,
,00:11:58,155,,,,,,,,,
,00:11:59,154,,,,,,,,,
,00:12:00,154,,,,,,,,,
,00:12:01,154,,,,,,,,,
,00:12:02,154,,,,,,,,,
,00:12:03,155,,,,,,,,,
,00:12:04,154,,,,,,,,,
,00:12:05,154,,,,,,,,,
,00:12:06,155,,,,,,,,,
,00:12:07,155,,,,,,,,,
,00:12:08,155,,,,,,,,,
,00:12:09,155,,,,,,,,,
,00:12:10,156,,,,,,,,,
,00:12:11,157,,,,,,,,,
,00:12:12,157,,,,,,,,,
,00:12:13,159,,,,,,,,,
,00:12:14,160,,,,,,,,,
,00:12:15,160,,,,,,,,,
,00:12:16,161,,,,,,,,,
,00:12:17,161,,,,,,,,,
,00:12:18,162,,,,,,,,,
,00:12:19,162,,,,,,,,,
,00:12:20,162,,,,,,,,,
,00:12:21,162,,,,,,,,,
,00:12:22,162,,,,,,,,,
,00:12:23,161,,,,,,,,,
,00:12:24,160,,,,,,,,,
,00:12:25,159,,,,,,,,,
,00:12:26,159,,,,,,,,,
,00:12:27,158,,,,,,,,,
,00:12:28,158,,,,,,,,,
,00:12:29,157,,,,,,,,,
,00:12:30,156,,,,,,,,,
,00:12:31,156,,,,,,,,,
,00:12:32,154,,,,,,,,,
,00:12:33,153,,,,,,,,,
,00:12:34,152,,,,,,,,,
,00:12:35,151,,,,,,,,,
,00:12:36,150,,,,,,,,,
,00:12:37,149,,,,,,,,,
,00:12:38,148,,,,,,,,,
,00:12:39,148,,,,,,,,,
,00:12:40,147,,,,,,,,,
,00:12:41,147,,,,,,,,,
,00:12:42,146,,,,,,,,,
,00:12:43,146,,,,,,,,,
,00:12:44,146,,,,,,,,,
,00:12:45,146,,,,,,,,,
,00:12:46,145,,,,,,,,,
,00:12:47,144,,,,,,,,,
,00:12:48,144,,,,,,,,,
,00:12:49,143,,,,,,,,,
,00:12:50,143,,,,,,,,,
,00:12:51,143,,,,,,,,,
,00:12:52,144,,,,,,,,,
,00:12:53,145,,,,,,,,,
,00:12:54,145,,,,,,,,,
,00:12:55,145,,,,,,,,,
,00:12:56,145,,,,,,,,,
,00:12:57,144,,,,,,,,,
,00:12:58,144,,,,,,,,,
,00:12:59,143,,,,,,,,,
,00:13:00,143,,,,,,,,,
,00:13:01,143,,,,,,,,,
,00:13:02,143,,,,,,,,,
,00:13:03,144,,,,,,,,,
,00:13:04,144,,,,,,,,,
,00:13:05,144,,,,,,,,,
,00:13:06,145,,,,,,,,,
,00:13:07,145,,,,,,,,,
,00:13:08,143,,,,,,,,,
,00:13:09,144,,,,,,,,,
,00:13:10,143,,,,,,,,,
,00:13:11,143,,,,,,,,,
,00:13:12,144,,,,,,,,,
,00:13:13,144,,,,,,,,,
,00:13:14,145,,,,,,,,,
,00:13:15,146,,,,,,,,,
,00:13:16,148,,,,,,,,,
,00:13:17,150,,,,,,,,,
,00:13:18,151,,,,,,,,,
,00:13:19,152,,,,,,,,,
,00:13:20,154,,,,,,,,,
,00:13:21,154,,,,,,,,,
,00:13:22,155,,,,,,,,,
,00:13:23,155,,,,,,,,,
,00:13:24,156,,,,,,,,,
,00:13:25,157,,,,,,,,,
,00:13:26,158,,,,,,,,,
,00:13:27,158,,,,,,,,,
,00:13:28,158,,,,,,,,,
,00:13:29,159,,,,,,,,,
,00:13:30,159,,,,,,,,,
,00:13:31,160,,,,,,,,,
,00:13:32,160,,,,,,,,,
,00:13:33,161,,,,,,,,,
,00:13:34,161,,,,,,,,,
,00:13:35,162,,,,,,,,,
,00:13:36,161,,,,,,,,,
,00:13:37,161,,,,,,,,,
,00:13:38,159,,,,,,,,,
,00:13:39,158,,,,,,,,,
,00:13:40,158,,,,,,,,,
,00:13:41,157,,,,,,,,,
,00:13:42,157,,,,,,,,,
,00:13:43,157,,,,,,,,,
,00:13:44,156,,,,,,,,,
,00:13:45,156,,,,,,,,,
,00:13:46,155,,,,,,,,,
,00:13:47,154,,,,,,,,,
,00:13:48,153,,,,,,,,,
,00:13:49,153,,,,,,,,,
,00:13:50,153,,,,,,,,,
,00:13:51,153,,,,,,,,,
,00:13:52,153,,,,,,,,,
,00:13:53,152,,,,,,,,,
,00:13:54,151,,,,,,,,,
,00:13:55,151,,,,,,,,,
,00:13:56,150,,,,,,,,,
,00:13:57,149,,,,,,,,,
,00:13:58,148,,,,,,,,,
,00:13:59,148,,,,,,,,,
,00:14:00,147,,,,,,,,,
,00:14:01,147,,,,,,,,,
,00:14:02,147,,,,,,,,,
,00:14:03,147,,,,,,,,,
,00:14:04,148,,,,,,,,,
,00:14:05,149,,,,,,,,,
,00:14:06,150,,,,,,,,,
,00:14:07,150,,,,,,,,,
,00:14:08,150,,,,,,,,,
,00:14:09,151,,,,,,,,,
,00:14:10,150,,,,,,,,,
,00:14:11,151,,,,,,,,,
,00:14:12,151,,,,,,,,,
,00:14:13,152,,,,,,,,,
,00:14:14,153,,,,,,,,,
,00:14:15,154,,,,,,,,,
,00:14:16,155,,,,,,,,,
,00:14:17,155,,,,,,,,,
,00:14:18,155,,,,,,,,,
,00:14:19,155,,,,,,,,,
,00:14:20,155,,,,,,,,,
,00:14:21,156,,,,,,,,,
,00:14:22,156,,,,,,,,,
,00:14:23,156,,,,,,,,,
,00:14:24,156,,,,,,,,,
,00:14:25,157,,,,,,,,,
,00:14:26,156,,,,,,,,,
,00:14:27,156,,,,,,,,,
,00:14:28,157,,,,,,,,,
,00:14:29,157,,,,,,,,,
,00:14:30,158,,,,,,,,,
,00:14:31,157,,,,,,,,,
,00:14:32,156,,,,,,,,,
,00:14:33,155,,,,,,,,,
,00:14:34,153,,,,,,,,,
,00:14:35,153,,,,,,,,,
,00:14:36,153,,,,,,,,,
,00:14:37,152,,,,,,,,,
,00:14:38,152,,,,,,,,,
,00:14:39,152,,,,,,,,,
,00:14:40,152,,,,,,,,,
,00:14:41,152,,,,,,,,,
,00:14:42,153,,,,,,,,,
,00:14:43,153,,,,,,,,,
,00:14:44,153,,,,,,,,,
,00:14:45,153,,,,,,,,,
,00:14:46,153,,,,,,,,,
,00:14:47,153,,,,,,,,,
,00:14:48,154,,,,,,,,,
,00:14:49,153,,,,,,,,,
,00:14:50,153,,,,,,,,,
,00:14:51,154,,,,,,,,,
,00:14:52,155,,,,,,,,,
,00:14:53,155,,,,,,,,,
,00:14:54,155,,,,,,,,,
,00:14:55,156,,,,,,,,,
,00:14:56,156,,,,,,,,,
,00:14:57,157,,,,,,,,,
,00:14:58,157,,,,,,,,,
,00:14:59,158,,,,,,,,,
,00:15:00,158,,,,,,,,,
,00:15:01,158,,,,,,,,,
,00:15:02,158,,,,,,,,,
,00:15:03,159,,,,,,,,,
,00:15:04,159,,,,,,,,,
,00:15:05,159,,,,,,,,,
,00:15:06,159,,,,,,,,,
,00:15:07,159,,,,,,,,,
,00:15:08,160,,,,,,,,,
,00:15:09,160,,,,,,,,,
,00:15:10,161,,,,,,,,,
,00:15:11,161,,,,,,,,,
,00:15:12,162,,,,,,,,,
,00:15:13,162,,,,,,,,,
,00:15:14,162,,,,,,,,,
,00:15:15,163,,,,,,,,,
,00:15:16,163,,,,,,,,,
,00:15:17,163,,,,,,,,,
,00:15:18,163,,,,,,,,,
,00:15:19,163,,,,,,,,,
,00:15:20,164,,,,,,,,,
,00:15:21,164,,,,,,,,,
,00:15:22,164,,,,,,,,,
,00:15:23,164,,,,,,,,,
,00:15:24,164,,,,,,,,,
,00:15:25,163,,,,,,,,,
,00:15:26,163,,,,,,,,,
,00:15:27,158,,,,,,,,,
,00:15:28,158,,,,,,,,,
,00:15:29,158,,,,,,,,,
,00:15:30,158,,,,,,,,,
,00:15:31,158,,,,,,,,,
,00:15:32,159,,,,,,,,,
,00:15:33,159,,,,,,,,,
,00:15:34,159,,,,,,,,,
,00:15:35,158,,,,,,,,,
,00:15:36,157,,,,,,,,,
,00:15:37,154,,,,,,,,,
,00:15:38,154,,,,,,,,,
,00:15:39,154,,,,,,,,,
,00:15:40,154,,,,,,,,,
,00:15:41,154,,,,,,,,,
,00:15:42,154,,,,,,,,,
,00:15:43,154,,,,,,,,,
,00:15:44,153,,,,,,,,,
,00:15:45,152,,,,,,,,,
,00:15:46,152,,,,,,,,,
,00:15:47,152,,,,,,,,,
,00:15:48,151,,,,,,,,,
,00:15:49,151,,,,,,,,,
,00:15:50,151,,,,,,,,,
,00:15:51,151,,,,,,,,,
,00:15:52,151,,,,,,,,,
,00:15:53,151,,,,,,,,,
,00:15:54,152,,,,,,,,,
,00:15:55,152,,,,,,,,,
,00:15:56,152,,,,,,,,,
,00:15:57,152,,,,,,,,,
,00:15:58,151,,,,,,,,,
,00:15:59,150,,,,,,,,,
,00:16:00,149,,,,,,,,,
,00:16:01,150,,,,,,,,,
,00:16:02,149,,,,,,,,,
,00:16:03,148,,,,,,,,,
,00:16:04,148,,,,,,,,,
,00:16:05,148,,,,,,,,,
,00:16:06,148,,,,,,,,,
,00:16:07,148,,,,,,,,,
,00:16:08,148,,,,,,,,,
,00:16:09,147,,,,,,,,,
,00:16:10,147,,,,,,,,,
,00:16:11,148,,,,,,,,,
,00:16:12,148,,,,,,,,,
,00:16:13,148,,,,,,,,,
,00:16:14,148,,,,,,,,,
,00:16:15,149,,,,,,,,,
,00:16:16,149,,,,,,,,,
,00:16:17,149,,,,,,,,,
,00:16:18,148,,,,,,,,,
,00:16:19,145,,,,,,,,,
,00:16:20,145,,,,,,,,,
,00:16:21,142,,,,,,,,,
,00:16:22,139,,,,,,,,,
,00:16:23,138,,,,,,,,,
,00:16:24,138,,,,,,,,,
,00:16:25,139,,,,,,,,,
,00:16:26,140,,,,,,,,,
,00:16:27,141,,,,,,,,,
,00:16:28,141,,,,,,,,,
,00:16:29,141,,,,,,,,,
,00:16:30,142,,,,,,,,,
,00:16:31,143,,,,,,,,,
,00:16:32,143,,,,,,,,,
,00:16:33,143,,,,,,,,,
,00:16:34,143,,,,,,,,,
,00:16:35,143,,,,,,,,,
,00:16:36,143,,,,,,,,,
,00:16:37,143,,,,,,,,,
,00:16:38,143,,,,,,,,,
,00:16:39,144,,,,,,,,,
,00:16:40,144,,,,,,,,,
,00:16:41,145,,,,,,,,,
,00:16:42,145,,,,,,,,,
,00:16:43,145,,,,,,,,,
,00:16:44,145,,,,,,,,,
,00:16:45,145,,,,,,,,,
,00:16:46,144,,,,,,,,,
,00:16:47,144,,,,,,,,,
,00:16:48,143,,,,,,,,,
,00:16:49,144,,,,,,,,,
,00:16:50,143,,,,,,,,,
,00:16:51,142,,,,,,,,,
,00:16:52,140,,,,,,,,,
,00:16:53,140,,,,,,,,,
,00:16:54,140,,,,,,,,,
,00:16:55,140,,,,,,,,,
,00:16:56,140,,,,,,,,,
,00:16:57,140,,,,,,,,,
,00:16:58,139,,,,,,,,,
,00:16:59,139,,,,,,,,,
,00:17:00,139,,,,,,,,,
,00:17:01,140,,,,,,,,,
,00:17:02,140,,,,,,,,,
,00:17:03,140,,,,,,,,,
,00:17:04,139,,,,,,,,,
,00:17:05,138,,,,,,,,,
,00:17:06,138,,,,,,,,,
,00:17:07,137,,,,,,,,,
,00:17:08,138,,,,,,,,,
,00:17:09,138,,,,,,,,,
,00:17:10,138,,,,,,,,,
,00:17:11,136,,,,,,,,,
,00:17:12,132,,,,,,,,,
,00:17:13,127,,,,,,,,,
,00:17:14,120,,,,,,,,,
,00:17:15,119,,,,,,,,,
,00:17:16,120,,,,,,,,,
,00:17:17,120,,,,,,,,,
,00:17:18,120,,,,,,,,,
,00:17:19,121,,,,,,,,,
,00:17:20,122,,,,,,,,,
,00:17:21,122,,,,,,,,,
,00:17:22,123,,,,,,,,,
,00:17:23,124,,,,,,,,,
,00:17:24,125,,,,,,,,,
,00:17:25,125,,,,,,,,,
,00:17:26,126,,,,,,,,,
,00:17:27,128,,,,,,,,,
,00:17:28,129,,,,,,,,,
,00:17:29,131,,,,,,,,,
,00:17:30,131,,,,,,,,,
,00:17:31,131,,,,,,,,,
,00:17:32,131,,,,,,,,,
,00:17:33,130,,,,,,,,,
,00:17:34,130,,,,,,,,,
,00:17:35,130,,,,,,,,,
,00:17:36,129,,,,,,,,,
,00:17:37,129,,,,,,,,,
,00:17:38,129,,,,,,,,,
,00:17:39,129,,,,,,,,,
,00:17:40,131,,,,,,,,,
,00:17:41,133,,,,,,,,,
,00:17:42,134,,,,,,,,,
,00:17:43,135,,,,,,,,,
,00:17:44,136,,,,,,,,,
,00:17:45,136,,,,,,,,,
,00:17:46,136,,,,,,,,,
,00:17:47,136,,,,,,,,,
,00:17:48,136,,,,,,,,,
,00:17:49,136,,,,,,,,,
,00:17:50,136,,,,,,,,,
,00:17:51,136,,,,,,,,,
,00:17:52,137,,,,,,,,,
,00:17:53,137,,,,,,,,,
,00:17:54,135,,,,,,,,,
,00:17:55,134,,,,,,,,,
,00:17:56,134,,,,,,,,,
,00:17:57,135,,,,,,,,,
,00:17:58,135,,,,,,,,,
,00:17:59,135,,,,,,,,,
,00:18:00,137,,,,,,,,,
,00:18:01,139,,,,,,,,,
,00:18:02,143,,,,,,,,,
,00:18:03,145,,,,,,,,,
,00:18:04,147,,,,,,,,,
,00:18:05,149,,,,,,,,,
,00:18:06,151,,,,,,,,,
,00:18:07,153,,,,,,,,,
,00:18:08,155,,,,,,,,,
,00:18:09,155,,,,,,,,,
,00:18:10,156,,,,,,,,,
,00:18:11,158,,,,,,,,,
,00:18:12,158,,,,,,,,,
,00:18:13,159,,,,,,,,,
,00:18:14,160,,,,,,,,,
,00:18:15,161,,,,,,,,,
,00:18:16,161,,,,,,,,,
,00:18:17,161,,,,,,,,,
,00:18:18,160,,,,,,,,,
,00:18:19,159,,,,,,,,,
,00:18:20,158,,,,,,,,,
,00:18:21,158,,,,,,,,,
,00:18:22,158,,,,,,,,,
,00:18:23,158,,,,,,,,,
,00:18:24,158,,,,,,,,,
,00:18:25,157,,,,,,,,,
,00:18:26,156,,,,,,,,,
,00:18:27,156,,,,,,,,,
,00:18:28,154,,,,,,,,,
,00:18:29,153,,,,,,,,,
,00:18:30,153,,,,,,,,,
,00:18:31,152,,,,,,,,,
,00:18:32,152,,,,,,,,,
,00:18:33,153,,,,,,,,,
,00:18:34,153,,,,,,,,,
,00:18:35,154,,,,,,,,,
,00:18:36,154,,,,,,,,,
,00:18:37,156,,,,,,,,,
,00:18:38,156,,,,,,,,,
,00:18:39,159,,,,,,,,,
,00:18:40,161,,,,,,,,,
,00:18:41,162,,,,,,,,,
,00:18:42,163,,,,,,,,,
,00:18:43,165,,,,,,,,,
,00:18:44,165,,,,,,,,,
,00:18:45,166,,,,,,,,,
,00:18:46,167,,,,,,,,,
,00:18:47,167,,,,,,,,,
,00:18:48,168,,,,,,,,,
,00:18:49,168,,,,,,,,,
,00:18:50,168,,,,,,,,,
,00:18:51,169,,,,,,,,,
,00:18:52,168,,,,,,,,,
,00:18:53,165,,,,,,,,,
,00:18:54,164,,,,,,,,,
,00:18:55,163,,,,,,,,,
,00:18:56,162,,,,,,,,,
,00:18:57,161,,,,,,,,,
,00:18:58,161,,,,,,,,,
,00:18:59,161,,,,,,,,,
,00:19:00,159,,,,,,,,,
,00:19:01,158,,,,,,,,,
,00:19:02,156,,,,,,,,,
,00:19:03,155,,,,,,,,,
,00:19:04,154,,,,,,,,,
,00:19:05,152,,,,,,,,,
,00:19:06,151,,,,,,,,,
,00:19:07,150,,,,,,,,,
,00:19:08,149,,,,,,,,,
,00:19:09,148,,,,,,,,,
,00:19:10,148,,,,,,,,,
,00:19:11,148,,,,,,,,,
,00:19:12,148,,,,,,,,,
,00:19:13,148,,,,,,,,,
,00:19:14,148,,,,,,,,,
,00:19:15,148,,,,,,,,,
,00:19:16,146,,,,,,,,,
,00:19:17,145,,,,,,,,,
,00:19:18,145,,,,,,,,,
,00:19:19,144,,,,,,,,,
,00:19:20,143,,,,,,,,,
,00:19:21,142,,,,,,,,,
,00:19:22,140,,,,,,,,,
,00:19:23,140,,,,,,,,,
,00:19:24,140,,,,,,,,,
,00:19:25,138,,,,,,,,,
,00:19:26,137,,,,,,,,,
,00:19:27,137,,,,,,,,,
,00:19:28,136,,,,,,,,,
,00:19:29,136,,,,,,,,,
,00:19:30,135,,,,,,,,,
,00:19:31,135,,,,,,,,,
,00:19:32,134,,,,,,,,,
,00:19:33,134,,,,,,,,,
,00:19:34,134,,,,,,,,,
,00:19:35,133,,,,,,,,,
,00:19:36,133,,,,,,,,,
,00:19:37,133,,,,,,,,,
,00:19:38,133,,,,,,,,,
,00:19:39,132,,,,,,,,,
,00:19:40,132,,,,,,,,,
,00:19:41,130,,,,,,,,,
,00:19:42,130,,,,,,,,,
,00:19:43,129,,,,,,,,,
,00:19:44,129,,,,,,,,,
,00:19:45,129,,,,,,,,,
,00:19:46,129,,,,,,,,,
,00:19:47,129,,,,,,,,,
,00:19:48,129,,,,,,,,,
,00:19:49,128,,,,,,,,,
,00:19:50,128,,,,,,,,,
,00:19:51,127,,,,,,,,,
,00:19:52,126,,,,,,,,,
,00:19:53,126,,,,,,,,,
,00:19:54,126,,,,,,,,,
,00:19:55,126,,,,,,,,,
,00:19:56,127,,,,,,,,,
,00:19:57,127,,,,,,,,,
,00:19:58,128,,,,,,,,,
,00:19:59,127,,,,,,,,,
,00:20:00,127,,,,,,,,,
,00:20:01,127,,,,,,,,,
,00:20:02,127,,,,,,,,,
,00:20:03,126,,,,,,,,,
,00:20:04,126,,,,,,,,,
,00:20:05,126,,,,,,,,,
,00:20:06,126,,,,,,,,,
,00:20:07,125,,,,,,,,,
,00:20:08,126,,,,,,,,,
,00:20:09,126,,,,,,,,,
,00:20:10,126,,,,,,,,,
,00:20:11,126,,,,,,,,,
,00:20:12,126,,,,,,,,,
,00:20:13,126,,,,,,,,,
,00:20:14,127,,,,,,,,,
,00:20:15,128,,,,,,,,,
,00:20:16,130,,,,,,,,,
,00:20:17,131,,,,,,,,,
,00:20:18,132,,,,,,,,,
,00:20:19,132,,,,,,,,,
,00:20:20,131,,,,,,,,,
,00:20:21,131,,,,,,,,,
,00:20:22,131,,,,,,,,,
,00:20:23,131,,,,,,,,,
,00:20:24,132,,,,,,,,,
,00:20:25,132,,,,,,,,,
,00:20:26,133,,,,,,,,,
,00:20:27,134,,,,,,,,,
,00:20:28,134,,,,,,,,,
,00:20:29,135,,,,,,,,,
,00:20:30,136,,,,,,,,,
,00:20:31,137,,,,,,,,,
,00:20:32,138,,,,,,,,,
,00:20:33,140,,,,,,,,,
,00:20:34,142,,,,,,,,,
,00:20:35,143,,,,,,,,,
,00:20:36,145,,,,,,,,,
,00:20:37,147,,,,,,,,,
,00:20:38,148,,,,,,,,,
,00:20:39,149,,,,,,,,,
,00:20:40,151,,,,,,,,,
,00:20:41,152,,,,,,,,,
,00:20:42,153,,,,,,,,,
,00:20:43,153,,,,,,,,,
,00:20:44,154,,,,,,,,,
,00:20:45,154,,,,,,,,,
,00:20:46,154,,,,,,,,,
,00:20:47,152,,,,,,,,,
,00:20:48,151,,,,,,,,,
,00:20:49,150,,,,,,,,,
,00:20:50,150,,,,,,,,,
,00:20:51,150,,,,,,,,,
,00:20:52,150,,,,,,,,,
,00:20:53,150,,,,,,,,,
,00:20:54,148,,,,,,,,,
,00:20:55,147,,,,,,,,,
,00:20:56,145,,,,,,,,,
,00:20:57,145,,,,,,,,,
,00:20:58,145,,,,,,,,,
,00:20:59,144,,,,,,,,,
,00:21:00,145,,,,,,,,,
,00:21:01,144,,,,,,,,,
,00:21:02,143,,,,,,,,,
,00:21:03,142,,,,,,,,,
,00:21:04,141,,,,,,,,,
,00:21:05,139,,,,,,,,,
,00:21:06,138,,,,,,,,,
,00:21:07,138,,,,,,,,,
,00:21:08,137,,,,,,,,,
,00:21:09,136,,,,,,,,,
,00:21:10,136,,,,,,,,,
,00:21:11,136,,,,,,,,,
,00:21:12,135,,,,,,,,,
,00:21:13,134,,,,,,,,,
,00:21:14,134,,,,,,,,,
,00:21:15,133,,,,,,,,,
,00:21:16,132,,,,,,,,,
,00:21:17,132,,,,,,,,,
,00:21:18,131,,,,,,,,,
,00:21:19,131,,,,,,,,,
,00:21:20,129,,,,,,,,,
,00:21:21,128,,,,,,,,,
,00:21:22,128,,,,,,,,,
,00:21:23,130,,,,,,,,,
,00:21:24,131,,,,,,,,,
,00:21:25,129,,,,,,,,,
,00:21:26,129,,,,,,,,,
,00:21:27,128,,,,,,,,,
,00:21:28,128,,,,,,,,,
,00:21:29,128,,,,,,,,,
,00:21:30,130,,,,,,,,,
,00:21:31,132,,,,,,,,,
,00:21:32,132,,,,,,,,,
,00:21:33,132,,,,,,,,,
,00:21:34,132,,,,,,,,,
,00:21:35,132,,,,,,,,,
,00:21:36,133,,,,,,,,,
,00:21:37,134,,,,,,,,,
,00:21:38,136,,,,,,,,,
,00:21:39,136,,,,,,,,,
,00:21:40,137,,,,,,,,,
,00:21:41,139,,,,,,,,,
,00:21:42,142,,,,,,,,,
,00:21:43,146,,,,,,,,,
,00:21:44,148,,,,,,,,,
,00:21:45,149,,,,,,,,,
,00:21:46,151,,,,,,,,,
,00:21:47,152,,,,,,,,,
,00:21:48,152,,,,,,,,,
,00:21:49,152,,,,,,,,,
,00:21:50,154,,,,,,,,,
,00:21:51,154,,,,,,,,,
,00:21:52,153,,,,,,,,,
,00:21:53,153,,,,,,,,,
,00:21:54,152,,,,,,,,,
,00:21:55,152,,,,,,,,,
,00:21:56,151,,,,,,,,,
,00:21:57,150,,,,,,,,,
,00:21:58,149,,,,,,,,,
,00:21:59,148,,,,,,,,,
,00:22:00,146,,,,,,,,,
,00:22:01,145,,,,,,,,,
,00:22:02,144,,,,,,,,,
,00:22:03,144,,,,,,,,,
,00:22:04,145,,,,,,,,,
,00:22:05,145,,,,,,,,,
,00:22:06,145,,,,,,,,,
,00:22:07,145,,,,,,,,,
,00:22:08,145,,,,,,,,,
,00:22:09,144,,,,,,,,,
,00:22:10,144,,,,,,,,,
,00:22:11,144,,,,,,,,,
,00:22:12,144,,,,,,,,,
,00:22:13,144,,,,,,,,,
,00:22:14,143,,,,,,,,,
,00:22:15,143,,,,,,,,,
,00:22:16,142,,,,,,,,,
,00:22:17,139,,,,,,,,,
,00:22:18,139,,,,,,,,,
,00:22:19,137,,,,,,,,,
,00:22:20,136,,,,,,,,,
,00:22:21,135,,,,,,,,,
,00:22:22,134,,,,,,,,,
,00:22:23,132,,,,,,,,,
,00:22:24,132,,,,,,,,,
,00:22:25,131,,,,,,,,,
,00:22:26,131,,,,,,,,,
,00:22:27,129,,,,,,,,,
,00:22:28,129,,,,,,,,,
,00:22:29,128,,,,,,,,,
,00:22:30,128,,,,,,,,,
,00:22:31,128,,,,,,,,,
,00:22:32,129,,,,,,,,,
,00:22:33,129,,,,,,,,,
,00:22:34,129,,,,,,,,,
,00:22:35,129,,,,,,,,,
,00:22:36,129,,,,,,,,,
,00:22:37,128,,,,,,,,,
,00:22:38,127,,,,,,,,,
,00:22:39,126,,,,,,,,,
,00:22:40,124,,,,,,,,,
,00:22:41,124,,,,,,,,,
,00:22:42,124,,,,,,,,,
,00:22:43,127,,,,,,,,,
,00:22:44,128,,,,,,,,,
,00:22:45,128,,,,,,,,,
,00:22:46,130,,,,,,,,,
,00:22:47,131,,,,,,,,,
,00:22:48,133,,,,,,,,,
,00:22:49,133,,,,,,,,,
,00:22:50,133,,,,,,,,,
,00:22:51,133,,,,,,,,,
,00:22:52,135,,,,,,,,,
,00:22:53,135,,,,,,,,,
,00:22:54,136,,,,,,,,,
,00:22:55,137,,,,,,,,,
,00:22:56,139,,,,,,,,,
,00:22:57,141,,,,,,,,,
,00:22:58,143,,,,,,,,,
,00:22:59,144,,,,,,,,,
,00:23:00,145,,,,,,,,,
,00:23:01,146,,,,,,,,,
,00:23:02,147,,,,,,,,,
,00:23:03,148,,,,,,,,,
,00:23:04,148,,,,,,,,,
,00:23:05,148,,,,,,,,,
,00:23:06,148,,,,,,,,,
,00:23:07,149,,,,,,,,,
,00:23:08,149,,,,,,,,,
,00:23:09,149,,,,,,,,,
,00:23:10,150,,,,,,,,,
,00:23:11,150,,,,,,,,,
,00:23:12,148,,,,,,,,,
,00:23:13,148,,,,,,,,,
,00:23:14,147,,,,,,,,,
,00:23:15,146,,,,,,,,,
,00:23:16,146,,,,,,,,,
,00:23:17,146,,,,,,,,,
,00:23:18,145,,,,,,,,,
,00:23:19,146,,,,,,,,,
,00:23:20,145,,,,,,,,,
,00:23:21,145,,,,,,,,,
,00:23:22,144,,,,,,,,,
,00:23:23,144,,,,,,,,,
,00:23:24,144,,,,,,,,,
,00:23:25,144,,,,,,,,,
,00:23:26,144,,,,,,,,,
,00:23:27,144,,,,,,,,,
,00:23:28,144,,,,,,,,,
,00:23:29,146,,,,,,,,,
,00:23:30,146,,,,,,,,,
,00:23:31,148,,,,,,,,,
,00:23:32,148,,,,,,,,,
,00:23:33,148,,,,,,,,,
,00:23:34,150,,,,,,,,,
,00:23:35,151,,,,,,,,,
,00:23:36,152,,,,,,,,,
,00:23:37,152,,,,,,,,,
,00:23:38,152,,,,,,,,,
,00:23:39,153,,,,,,,,,
,00:23:40,153,,,,,,,,,
,00:23:41,153,,,,,,,,,
,00:23:42,153,,,,,,,,,
,00:23:43,153,,,,,,,,,
,00:23:44,152,,,,,,,,,
,00:23:45,152,,,,,,,,,
,00:23:46,152,,,,,,,,,
,00:23:47,152,,,,,,,,,
,00:23:48,151,,,,,,,,,
,00:23:49,150,,,,,,,,,
,00:23:50,150,,,,,,,,,
,00:23:51,149,,,,,,,,,
,00:23:52,148,,,,,,,,,
,00:23:53,147,,,,,,,,,
,00:23:54,147,,,,,,,,,
,00:23:55,147,,,,,,,,,
,00:23:56,147,,,,,,,,,
,00:23:57,147,,,,,,,,,
,00:23:58,147,,,,,,,,,
,00:23:59,146,,,,,,,,,
,00:24:00,147,,,,,,,,,
,00:24:01,147,,,,,,,,,
,00:24:02,146,,,,,,,,,
,00:24:03,147,,,,,,,,,
,00:24:04,147,,,,,,,,,
,00:24:05,147,,,,,,,,,
,00:24:06,147,,,,,,,,,
,00:24:07,147,,,,,,,,,
,00:24:08,147,,,,,,,,,
,00:24:09,147,,,,,,,,,
,00:24:10,146,,,,,,,,,
,00:24:11,146,,,,,,,,,
,00:24:12,146,,,,,,,,,
,00:24:13,146,,,,,,,,,
,00:24:14,146,,,,,,,,,
,00:24:15,145,,,,,,,,,
,00:24:16,146,,,,,,,,,
,00:24:17,146,,,,,,,,,
,00:24:18,146,,,,,,,,,
,00:24:19,145,,,,,,,,,
,00:24:20,145,,,,,,,,,
,00:24:21,145,,,,,,,,,
,00:24:22,146,,,,,,,,,
,00:24:23,146,,,,,,,,,
,00:24:24,148,,,,,,,,,
,00:24:25,149,,,,,,,,,
,00:24:26,151,,,,,,,,,
,00:24:27,152,,,,,,,,,
,00:24:28,154,,,,,,,,,
,00:24:29,155,,,,,,,,,
,00:24:30,155,,,,,,,,,
,00:24:31,155,,,,,,,,,
,00:24:32,157,,,,,,,,,
,00:24:33,158,,,,,,,,,
,00:24:34,158,,,,,,,,,
,00:24:35,159,,,,,,,,,
,00:24:36,159,,,,,,,,,
,00:24:37,159,,,,,,,,,
,00:24:38,159,,,,,,,,,
,00:24:39,159,,,,,,,,,
,00:24:40,159,,,,,,,,,
,00:24:41,158,,,,,,,,,
,00:24:42,157,,,,,,,,,
,00:24:43,157,,,,,,,,,
,00:24:44,155,,,,,,,,,
,00:24:45,155,,,,,,,,,
,00:24:46,153,,,,,,,,,
,00:24:47,153,,,,,,,,,
,00:24:48,153,,,,,,,,,
,00:24:49,151,,,,,,,,,
,00:24:50,150,,,,,,,,,
,00:24:51,150,,,,,,,,,
,00:24:52,149,,,,,,,,,
,00:24:53,148,,,,,,,,,
,00:24:54,146,,,,,,,,,
,00:24:55,146,,,,,,,,,
,00:24:56,143,,,,,,,,,
,00:24:57,141,,,,,,,,,
,00:24:58,141,,,,,,,,,
,00:24:59,138,,,,,,,,,
,00:25:00,137,,,,,,,,,
,00:25:01,137,,,,,,,,,
,00:25:02,136,,,,,,,,,
,00:25:03,135,,,,,,,,,
,00:25:04,135,,,,,,,,,
,00:25:05,135,,,,,,,,,
,00:25:06,135,,,,,,,,,
,00:25:07,136,,,,,,,,,
,00:25:08,135,,,,,,,,,
,00:25:09,133,,,,,,,,,
,00:25:10,132,,,,,,,,,
,00:25:11,131,,,,,,,,,
,00:25:12,131,,,,,,,,,
,00:25:13,132,,,,,,,,,
,00:25:14,132,,,,,,,,,
,00:25:15,131,,,,,,,,,
,00:25:16,130,,,,,,,,,
,00:25:17,129,,,,,,,,,
,00:25:18,128,,,,,,,,,
,00:25:19,127,,,,,,,,,
,00:25:20,127,,,,,,,,,
,00:25:21,126,,,,,,,,,
,00:25:22,124,,,,,,,,,
,00:25:23,124,,,,,,,,,
,00:25:24,123,,,,,,,,,
,00:25:25,123,,,,,,,,,
,00:25:26,123,,,,,,,,,
,00:25:27,123,,,,,,,,,
,00:25:28,123,,,,,,,,,
,00:25:29,122,,,,,,,,,
,00:25:30,122,,,,,,,,,
,00:25:31,121,,,,,,,,,
,00:25:32,120,,,,,,,,,
,00:25:33,120,,,,,,,,,
,00:25:34,120,,,,,,,,,
,00:25:35,120,,,,,,,,,
,00:25:36,120,,,,,,,,,
,00:25:37,119,,,,,,,,,
,00:25:38,119,,,,,,,,,
,00:25:39,119,,,,,,,,,
,00:25:40,118,,,,,,,,,
,00:25:41,119,,,,,,,,,
,00:25:42,119,,,,,,,,,
,00:25:43,118,,,,,,,,,
,00:25:44,118,,,,,,,,,
,00:25:45,119,,,,,,,,,
,00:25:46,119,,,,,,,,,
,00:25:47,118,,,,,,,,,
,00:25:48,118,,,,,,,,,
,00:25:49,117,,,,,,,,,
,00:25:50,116,,,,,,,,,
,00:25:51,117,,,,,,,,,
,00:25:52,117,,,,,,,,,
,00:25:53,118,,,,,,,,,
,00:25:54,119,,,,,,,,,
,00:25:55,120,,,,,,,,,
,00:25:56,122,,,,,,,,,
,00:25:57,122,,,,,,,,,
,00:25:58,124,,,,,,,,,
,00:25:59,125,,,,,,,,,
,00:26:00,126,,,,,,,,,
,00:26:01,128,,,,,,,,,
,00:26:02,129,,,,,,,,,
,00:26:03,131,,,,,,,,,
,00:26:04,132,,,,,,,,,
,00:26:05,133,,,,,,,,,
,00:26:06,134,,,,,,,,,
,00:26:07,134,,,,,,,,,
,00:26:08,135,,,,,,,,,
,00:26:09,135,,,,,,,,,
,00:26:10,135,,,,,,,,,
,00:26:11,135,,,,,,,,,
,00:26:12,136,,,,,,,,,
,00:26:13,135,,,,,,,,,
,00:26:14,135,,,,,,,,,
,00:26:15,134,,,,,,,,,
,00:26:16,133,,,,,,,,,
,00:26:17,133,,,,,,,,,
,00:26:18,133,,,,,,,,,
,00:26:19,133,,,,,,,,,
,00:26:20,134,,,,,,,,,
,00:26:21,134,,,,,,,,,
,00:26:22,135,,,,,,,,,
,00:26:23,135,,,,,,,,,
,00:26:24,136,,,,,,,,,
,00:26:25,136,,,,,,,,,
,00:26:26,136,,,,,,,,,
,00:26:27,137,,,,,,,,,
,00:26:28,136,,,,,,,,,
,00:26:29,137,,,,,,,,,
,00:26:30,138,,,,,,,,,
,00:26:31,139,,,,,,,,,
,00:26:32,139,,,,,,,,,
,00:26:33,139,,,,,,,,,
,00:26:34,139,,,,,,,,,
,00:26:35,139,,,,,,,,,
,00:26:36,139,,,,,,,,,
,00:26:37,138,,,,,,,,,
,00:26:38,137,,,,,,,,,
,00:26:39,137,,,,,,,,,
,00:26:40,136,,,,,,,,,
,00:26:41,133,,,,,,,,,
,00:26:42,133,,,,,,,,,
,00:26:43,128,,,,,,,,,
,00:26:44,128,,,,,,,,,
,00:26:45,128,,,,,,,,,
,00:26:46,129,,,,,,,,,
,00:26:47,129,,,,,,,,,
,00:26:48,130,,,,,,,,,
,00:26:49,131,,,,,,,,,
,00:26:50,131,,,,,,,,,
,00:26:51,132,,,,,,,,,
,00:26:52,133,,,,,,,,,
,00:26:53,133,,,,,,,,,
,00:26:54,132,,,,,,,,,
,00:26:55,133,,,,,,,,,
,00:26:56,133,,,,,,,,,
,00:26:57,133,,,,,,,,,
,00:26:58,133,,,,,,,,,
,00:26:59,133,,,,,,,,,
,00:27:00,134,,,,,,,,,
,00:27:01,133,,,,,,,,,
,00:27:02,133,,,,,,,,,
,00:27:03,133,,,,,,,,,
,00:27:04,132,,,,,,,,,
,00:27:05,132,,,,,,,,,
,00:27:06,132,,,,,,,,,
,00:27:07,132,,,,,,,,,
,00:27:08,132,,,,,,,,,
,00:27:09,132,,,,,,,,,
,00:27:10,133,,,,,,,,,
,00:27:11,134,,,,,,,,,
,00:27:12,134,,,,,,,,,
,00:27:13,134,,,,,,,,,
,00:27:14,134,,,,,,,,,
,00:27:15,135,,,,,,,,,
,00:27:16,135,,,,,,,,,
,00:27:17,134,,,,,,,,,
,00:27:18,134,,,,,,,,,
,00:27:19,134,,,,,,,,,
,00:27:20,135,,,,,,,,,
,00:27:21,135,,,,,,,,,
,00:27:22,134,,,,,,,,,
,00:27:23,135,,,,,,,,,
,00:27:24,135,,,,,,,,,
,00:27:25,134,,,,,,,,,
,00:27:26,134,,,,,,,,,
,00:27:27,133,,,,,,,,,
,00:27:28,133,,,,,,,,,
,00:27:29,133,,,,,,,,,
,00:27:30,134,,,,,,,,,
,00:27:31,134,,,,,,,,,
,00:27:32,135,,,,,,,,,
,00:27:33,134,,,,,,,,,
,00:27:34,134,,,,,,,,,
,00:27:35,134,,,,,,,,,
,00:27:36,133,,,,,,,,,
,00:27:37,133,,,,,,,,,
,00:27:38,133,,,,,,,,,
,00:27:39,132,,,,,,,,,
,00:27:40,132,,,,,,,,,
,00:27:41,132,,,,,,,,,
,00:27:42,132,,,,,,,,,
,00:27:43,131,,,,,,,,,
,00:27:44,131,,,,,,,,,
,00:27:45,132,,,,,,,,,
,00:27:46,133,,,,,,,,,
,00:27:47,133,,,,,,,,,
,00:27:48,134,,,,,,,,,
,00:27:49,135,,,,,,,,,
,00:27:50,135,,,,,,,,,
,00:27:51,138,,,,,,,,,
,00:27:52,139,,,,,,,,,
,00:27:53,140,,,,,,,,,
,00:27:54,141,,,,,,,,,
,00:27:55,141,,,,,,,,,
,00:27:56,141,,,,,,,,,
,00:27:57,142,,,,,,,,,
,00:27:58,142,,,,,,,,,
,00:27:59,142,,,,,,,,,
,00:28:00,142,,,,,,,,,
,00:28:01,142,,,,,,,,,
,00:28:02,142,,,,,,,,,
,00:28:03,144,,,,,,,,,
,00:28:04,144,,,,,,,,,
,00:28:05,144,,,,,,,,,
,00:28:06,145,,,,,,,,,
,00:28:07,145,,,,,,,,,
,00:28:08,145,,,,,,,,,
,00:28:09,147,,,,,,,,,
,00:28:10,147,,,,,,,,,
,00:28:11,149,,,,,,,,,
,00:28:12,150,,,,,,,,,
,00:28:13,151,,,,,,,,,
,00:28:14,153,,,,,,,,,
,00:28:15,155,,,,,,,,,
,00:28:16,156,,,,,,,,,
,00:28:17,157,,,,,,,,,
,00:28:18,157,,,,,,,,,
,00:28:19,158,,,,,,,,,
,00:28:20,158,,,,,,,,,
,00:28:21,158,,,,,,,,,
,00:28:22,158,,,,,,,,,
,00:28:23,158,,,,,,,,,
,00:28:24,158,,,,,,,,,
,00:28:25,157,,,,,,,,,
,00:28:26,157,,,,,,,,,
,00:28:27,157,,,,,,,,,
,00:28:28,156,,,,,,,,,
,00:28:29,155,,,,,,,,,
,00:28:30,155,,,,,,,,,
,00:28:31,155,,,,,,,,,
,00:28:32,155,,,,,,,,,
,00:28:33,154,,,,,,,,,
,00:28:34,153,,,,,,,,,
,00:28:35,151,,,,,,,,,
,00:28:36,151,,,,,,,,,
,00:28:37,151,,,,,,,,,
,00:28:38,151,,,,,,,,,
,00:28:39,149,,,,,,,,,
,00:28:40,148,,,,,,,,,
,00:28:41,148,,,,,,,,,
,00:28:42,148,,,,,,,,,
,00:28:43,148,,,,,,,,,
,00:28:44,148,,,,,,,,,
,00:28:45,147,,,,,,,,,
,00:28:46,147,,,,,,,,,
,00:28:47,147,,,,,,,,,
,00:28:48,147,,,,,,,,,
,00:28:49,147,,,,,,,,,
,00:28:50,147,,,,,,,,,
,00:28:51,147,,,,,,,,,
,00:28:52,147,,,,,,,,,
,00:28:53,148,,,,,,,,,
,00:28:54,149,,,,,,,,,
,00:28:55,149,,,,,,,,,
,00:28:56,151,,,,,,,,,
,00:28:57,151,,,,,,,,,
,00:28:58,152,,,,,,,,,
,00:28:59,152,,,,,,,,,
,00:29:00,152,,,,,,,,,
,00:29:01,152,,,,,,,,,
,00:29:02,152,,,,,,,,,
,00:29:03,151,,,,,,,,,
,00:29:04,151,,,,,,,,,
,00:29:05,151,,,,,,,,,
,00:29:06,151,,,,,,,,,
,00:29:07,150,,,,,,,,,
,00:29:08,151,,,,,,,,,
,00:29:09,151,,,,,,,,,
,00:29:10,150,,,,,,,,,
,00:29:11,150,,,,,,,,,
,00:29:12,149,,,,,,,,,
,00:29:13,149,,,,,,,,,
,00:29:14,148,,,,,,,,,
,00:29:15,148,,,,,,,,,
,00:29:16,148,,,,,,,,,
,00:29:17,148,,,,,,,,,
,00:29:18,144,,,,,,,,,
,00:29:19,144,,,,,,,,,
,00:29:20,144,,,,,,,,,
,00:29:21,143,,,,,,,,,
,00:29:22,142,,,,,,,,,
,00:29:23,141,,,,,,,,,
,00:29:24,140,,,,,,,,,
,00:29:25,140,,,,,,,,,
,00:29:26,139,,,,,,,,,
,00:29:27,137,,,,,,,,,
,00:29:28,139,,,,,,,,,
,00:29:29,140,,,,,,,,,
,00:29:30,141,,,,,,,,,
,00:29:31,141,,,,,,,,,
,00:29:32,140,,,,,,,,,
,00:29:33,138,,,,,,,,,
,00:29:34,138,,,,,,,,,
,00:29:35,137,,,,,,,,,
,00:29:36,136,,,,,,,,,
,00:29:37,135,,,,,,,,,
,00:29:38,135,,,,,,,,,
,00:29:39,135,,,,,,,,,
,00:29:40,135,,,,,,,,,
,00:29:41,134,,,,,,,,,
,00:29:42,134,,,,,,,,,
,00:29:43,134,,,,,,,,,
,00:29:44,133,,,,,,,,,
,00:29:45,133,,,,,,,,,
,00:29:46,133,,,,,,,,,
,00:29:47,133,,,,,,,,,
,00:29:48,134,,,,,,,,,
,00:29:49,134,,,,,,,,,
,00:29:50,136,,,,,,,,,
,00:29:51,138,,,,,,,,,
,00:29:52,140,,,,,,,,,
,00:29:53,143,,,,,,,,,
,00:29:54,145,,,,,,,,,
,00:29:55,147,,,,,,,,,
,00:29:56,149,,,,,,,,,
,00:29:57,149,,,,,,,,,
,00:29:58,151,,,,,,,,,
,00:29:59,151,,,,,,,,,
,00:30:00,153,,,,,,,,,
,00:30:01,153,,,,,,,,,
,00:30:02,153,,,,,,,,,
,00:30:03,154,,,,,,,,,
,00:30:04,155,,,,,,,,,
,00:30:05,155,,,,,,,,,
,00:30:06,156,,,,,,,,,
,00:30:07,156,,,,,,,,,
,00:30:08,156,,,,,,,,,
,00:30:09,156,,,,,,,,,
,00:30:10,156,,,,,,,,,
,00:30:11,156,,,,,,,,,
,00:30:12,156,,,,,,,,,
,00:30:13,155,,,,,,,,,
,00:30:14,155,,,,,,,,,
,00:30:15,155,,,,,,,,,
,00:30:16,155,,,,,,,,,
,00:30:17,155,,,,,,,,,
,00:30:18,155,,,,,,,,,
,00:30:19,155,,,,,,,,,
,00:30:20,154,,,,,,,,,
,00:30:21,154,,,,,,,,,
,00:30:22,152,,,,,,,,,
,00:30:23,151,,,,,,,,,
,00:30:24,150,,,,,,,,,
,00:30:25,150,,,,,,,,,
,00:30:26,149,,,,,,,,,
,00:30:27,148,,,,,,,,,
,00:30:28,148,,,,,,,,,
,00:30:29,147,,,,,,,,,
,00:30:30,146,,,,,,,,,
,00:30:31,146,,,,,,,,,
,00:30:32,145,,,,,,,,,
,00:30:33,145,,,,,,,,,
,00:30:34,145,,,,,,,,,
,00:30:35,145,,,,,,,,,
,00:30:36,146,,,,,,,,,
,00:30:37,145,,,,,,,,,
,00:30:38,145,,,,,,,,,
,00:30:39,143,,,,,,,,,
,00:30:40,142,,,,,,,,,
,00:30:41,142,,,,,,,,,
,00:30:42,141,,,,,,,,,
,00:30:43,138,,,,,,,,,
,00:30:44,137,,,,,,,,,
,00:30:45,138,,,,,,,,,
,00:30:46,137,,,,,,,,,
,00:30:47,137,,,,,,,,,
,00:30:48,138,,,,,,,,,
,00:30:49,137,,,,,,,,,
,00:30:50,138,,,,,,,,,
,00:30:51,139,,,,,,,,,
,00:30:52,139,,,,,,,,,
,00:30:53,139,,,,,,,,,
,00:30:54,139,,,,,,,,,
,00:30:55,139,,,,,,,,,
,00:30:56,139,,,,,,,,,
,00:30:57,137,,,,,,,,,
,00:30:58,137,,,,,,,,,
,00:30:59,136,,,,,,,,,
,00:31:00,136,,,,,,,,,
,00:31:01,136,,,,,,,,,
,00:31:02,135,,,,,,,,,
,00:31:03,135,,,,,,,,,
,00:31:04,134,,,,,,,,,
,00:31:05,134,,,,,,,,,
,00:31:06,133,,,,,,,,,
,00:31:07,133,,,,,,,,,
,00:31:08,133,,,,,,,,,
,00:31:09,133,,,,,,,,,
,00:31:10,133,,,,,,,,,
,00:31:11,133,,,,,,,,,
,00:31:12,133,,,,,,,,,
,00:31:13,132,,,,,,,,,
,00:31:14,132,,,,,,,,,
,00:31:15,132,,,,,,,,,
,00:31:16,132,,,,,,,,,
,00:31:17,132,,,,,,,,,
,00:31:18,132,,,,,,,,,
,00:31:19,131,,,,,,,,,
,00:31:20,131,,,,,,,,,
,00:31:21,131,,,,,,,,,
,00:31:22,131,,,,,,,,,
,00:31:23,130,,,,,,,,,
,00:31:24,130,,,,,,,,,
,00:31:25,131,,,,,,,,,
,00:31:26,130,,,,,,,,,
,00:31:27,130,,,,,,,,,
,00:31:28,130,,,,,,,,,
,00:31:29,130,,,,,,,,,
,00:31:30,129,,,,,,,,,
,00:31:31,129,,,,,,,,,
,00:31:32,128,,,,,,,,,
,00:31:33,128,,,,,,,,,
,00:31:34,127,,,,,,,,,
,00:31:35,127,,,,,,,,,
,00:31:36,127,,,,,,,,,
,00:31:37,127,,,,,,,,,
,00:31:38,127,,,,,,,,,
,00:31:39,127,,,,,,,,,
,00:31:40,127,,,,,,,,,
,00:31:41,127,,,,,,,,,
,00:31:42,127,,,,,,,,,
,00:31:43,127,,,,,,,,,
,00:31:44,127,,,,,,,,,
,00:31:45,127,,,,,,,,,
,00:31:46,127,,,,,,,,,
,00:31:47,129,,,,,,,,,
,00:31:48,129,,,,,,,,,
,00:31:49,130,,,,,,,,,
,00:31:50,130,,,,,,,,,
,00:31:51,131,,,,,,,,,
,00:31:52,131,,,,,,,,,
,00:31:53,132,,,,,,,,,
,00:31:54,132,,,,,,,,,
,00:31:55,132,,,,,,,,,
,00:31:56,132,,,,,,,,,
,00:31:57,132,,,,,,,,,
,00:31:58,132,,,,,,,,,
,00:31:59,132,,,,,,,,,
,00:32:00,133,,,,,,,,,
,00:32:01,132,,,,,,,,,
,00:32:02,131,,,,,,,,,
,00:32:03,131,,,,,,,,,
,00:32:04,131,,,,,,,,,
,00:32:05,131,,,,,,,,,
,00:32:06,132,,,,,,,,,
,00:32:07,132,,,,,,,,,
,00:32:08,134,,,,,,,,,
,00:32:09,135,,,,,,,,,
,00:32:10,136,,,,,,,,,
,00:32:11,137,,,,,,,,,
,00:32:12,138,,,,,,,,,
,00:32:13,140,,,,,,,,,
,00:32:14,141,,,,,,,,,
,00:32:15,141,,,,,,,,,
,00:32:16,141,,,,,,,,,
,00:32:17,142,,,,,,,,,
,00:32:18,143,,,,,,,,,
,00:32:19,144,,,,,,,,,
,00:32:20,145,,,,,,,,,
,00:32:21,146,,,,,,,,,
,00:32:22,147,,,,,,,,,
,00:32:23,147,,,,,,,,,
,00:32:24,148,,,,,,,,,
,00:32:25,149,,,,,,,,,
,00:32:26,149,,,,,,,,,
,00:32:27,150,,,,,,,,,
,00:32:28,151,,,,,,,,,
,00:32:29,152,,,,,,,,,
,00:32:30,153,,,,,,,,,
,00:32:31,153,,,,,,,,,
,00:32:32,154,,,,,,,,,
,00:32:33,154,,,,,,,,,
,00:32:34,154,,,,,,,,,
,00:32:35,154,,,,,,,,,
,00:32:36,154,,,,,,,,,
,00:32:37,154,,,,,,,,,
,00:32:38,153,,,,,,,,,
,00:32:39,151,,,,,,,,,
,00:32:40,151,,,,,,,,,
,00:32:41,151,,,,,,,,,
,00:32:42,150,,,,,,,,,
,00:32:43,150,,,,,,,,,
,00:32:44,150,,,,,,,,,
,00:32:45,150,,,,,,,,,
,00:32:46,148,,,,,,,,,
,00:32:47,147,,,,,,,,,
,00:32:48,147,,,,,,,,,
,00:32:49,147,,,,,,,,,
,00:32:50,147,,,,,,,,,
,00:32:51,146,,,,,,,,,
,00:32:52,146,,,,,,,,,
,00:32:53,146,,,,,,,,,
,00:32:54,146,,,,,,,,,
,00:32:55,146,,,,,,,,,
,00:32:56,147,,,,,,,,,
,00:32:57,147,,,,,,,,,
,00:32:58,148,,,,,,,,,
,00:32:59,149,,,,,,,,,
,00:33:00,150,,,,,,,,,
,00:33:01,151,,,,,,,,,
,00:33:02,151,,,,,,,,,
,00:33:03,152,,,,,,,,,
,00:33:04,152,,,,,,,,,
,00:33:05,152,,,,,,,,,
,00:33:06,152,,,,,,,,,
,00:33:07,152,,,,,,,,,
,00:33:08,152,,,,,,,,,
,00:33:09,151,,,,,,,,,
,00:33:10,150,,,,,,,,,
,00:33:11,150,,,,,,,,,
,00:33:12,149,,,,,,,,,
,00:33:13,149,,,,,,,,,
,00:33:14,149,,,,,,,,,
,00:33:15,149,,,,,,,,,
,00:33:16,148,,,,,,,,,
,00:33:17,148,,,,,,,,,
,00:33:18,148,,,,,,,,,
,00:33:19,148,,,,,,,,,
,00:33:20,148,,,,,,,,,
,00:33:21,148,,,,,,,,,
,00:33:22,147,,,,,,,,,
,00:33:23,147,,,,,,,,,
,00:33:24,146,,,,,,,,,
,00:33:25,146,,,,,,,,,
,00:33:26,144,,,,,,,,,
,00:33:27,143,,,,,,,,,
,00:33:28,142,,,,,,,,,
,00:33:29,142,,,,,,,,,
,00:33:30,142,,,,,,,,,
,00:33:31,142,,,,,,,,,
,00:33:32,141,,,,,,,,,
,00:33:33,139,,,,,,,,,
,00:33:34,135,,,,,,,,,
,00:33:35,134,,,,,,,,,
,00:33:36,133,,,,,,,,,
,00:33:37,132,,,,,,,,,
,00:33:38,131,,,,,,,,,
,00:33:39,131,,,,,,,,,
,00:33:40,132,,,,,,,,,
,00:33:41,134,,,,,,,,,
,00:33:42,135,,,,,,,,,
,00:33:43,136,,,,,,,,,
,00:33:44,138,,,,,,,,,
,00:33:45,139,,,,,,,,,
,00:33:46,140,,,,,,,,,
,00:33:47,142,,,,,,,,,
,00:33:48,143,,,,,,,,,
,00:33:49,145,,,,,,,,,
,00:33:50,145,,,,,,,,,
,00:33:51,145,,,,,,,,,
,00:33:52,145,,,,,,,,,
,00:33:53,148,,,,,,,,,
,00:33:54,149,,,,,,,,,
,00:33:55,149,,,,,,,,,
,00:33:56,148,,,,,,,,,
,00:33:57,148,,,,,,,,,
,00:33:58,148,,,,,,,,,
,00:33:59,149,,,,,,,,,
,00:34:00,148,,,,,,,,,
,00:34:01,147,,,,,,,,,
,00:34:02,146,,,,,,,,,
,00:34:03,145,,,,,,,,,
,00:34:04,146,,,,,,,,,
,00:34:05,146,,,,,,,,,
,00:34:06,147,,,,,,,,,
,00:34:07,148,,,,,,,,,
,00:34:08,149,,,,,,,,,
,00:34:09,150,,,,,,,,,
,00:34:10,151,,,,,,,,,
,00:34:11,152,,,,,,,,,
,00:34:12,152,,,,,,,,,
,00:34:13,152,,,,,,,,,
,00:34:14,153,,,,,,,,,
,00:34:15,155,,,,,,,,,
,00:34:16,155,,,,,,,,,
,00:34:17,156,,,,,,,,,
,00:34:18,157,,,,,,,,,
,00:34:19,157,,,,,,,,,
,00:34:20,158,,,,,,,,,
,00:34:21,158,,,,,,,,,
,00:34:22,158,,,,,,,,,
,00:34:23,158,,,,,,,,,
,00:34:24,158,,,,,,,,,
,00:34:25,159,,,,,,,,,
,00:34:26,159,,,,,,,,,
,00:34:27,160,,,,,,,,,
,00:34:28,160,,,,,,,,,
,00:34:29,160,,,,,,,,,
,00:34:30,160,,,,,,,,,
,00:34:31,160,,,,,,,,,
,00:34:32,160,,,,,,,,,
,00:34:33,159,,,,,,,,,
,00:34:34,159,,,,,,,,,
,00:34:35,158,,,,,,,,,
,00:34:36,159,,,,,,,,,
,00:34:37,159,,,,,,,,,
,00:34:38,158,,,,,,,,,
,00:34:39,157,,,,,,,,,
,00:34:40,156,,,,,,,,,
,00:34:41,155,,,,,,,,,
,00:34:42,154,,,,,,,,,
,00:34:43,153,,,,,,,,,
,00:34:44,153,,,,,,,,,
,00:34:45,152,,,,,,,,,
,00:34:46,151,,,,,,,,,
,00:34:47,151,,,,,,,,,
,00:34:48,149,,,,,,,,,
,00:34:49,149,,,,,,,,,
,00:34:50,149,,,,,,,,,
,00:34:51,149,,,,,,,,,
,00:34:52,149,,,,,,,,,
,00:34:53,147,,,,,,,,,
,00:34:54,147,,,,,,,,,
,00:34:55,146,,,,,,,,,
,00:34:56,146,,,,,,,,,
,00:34:57,148,,,,,,,,,
,00:34:58,148,,,,,,,,,
,00:34:59,148,,,,,,,,,
,00:35:00,148,,,,,,,,,
,00:35:01,149,,,,,,,,,
,00:35:02,148,,,,,,,,,
,00:35:03,148,,,,,,,,,
,00:35:04,148,,,,,,,,,
,00:35:05,149,,,,,,,,,
,00:35:06,149,,,,,,,,,
,00:35:07,149,,,,,,,,,
,00:35:08,149,,,,,,,,,
,00:35:09,148,,,,,,,,,
,00:35:10,148,,,,,,,,,
,00:35:11,148,,,,,,,,,
,00:35:12,148,,,,,,,,,
,00:35:13,148,,,,,,,,,
,00:35:14,148,,,,,,,,,
,00:35:15,148,,,,,,,,,
,00:35:16,148,,,,,,,,,
,00:35:17,148,,,,,,,,,
,00:35:18,149,,,,,,,,,
,00:35:19,149,,,,,,,,,
,00:35:20,151,,,,,,,,,
,00:35:21,151,,,,,,,,,
,00:35:22,153,,,,,,,,,
,00:35:23,153,,,,,,,,,
,00:35:24,154,,,,,,,,,
,00:35:25,154,,,,,,,,,
,00:35:26,155,,,,,,,,,
,00:35:27,155,,,,,,,,,
,00:35:28,155,,,,,,,,,
,00:35:29,155,,,,,,,,,
,00:35:30,156,,,,,,,,,
,00:35:31,156,,,,,,,,,
,00:35:32,156,,,,,,,,,
,00:35:33,156,,,,,,,,,
,00:35:34,157,,,,,,,,,
,00:35:35,156,,,,,,,,,
,00:35:36,156,,,,,,,,,
,00:35:37,155,,,,,,,,,
,00:35:38,155,,,,,,,,,
,00:35:39,154,,,,,,,,,
,00:35:40,154,,,,,,,,,
,00:35:41,153,,,,,,,,,
,00:35:42,153,,,,,,,,,
,00:35:43,153,,,,,,,,,
,00:35:44,152,,,,,,,,,
,00:35:45,152,,,,,,,,,
,00:35:46,152,,,,,,,,,
,00:35:47,150,,,,,,,,,
,00:35:48,150,,,,,,,,,
,00:35:49,148,,,,,,,,,
,00:35:50,148,,,,,,,,,
,00:35:51,147,,,,,,,,,
,00:35:52,147,,,,,,,,,
,00:35:53,146,,,,,,,,,
,00:35:54,146,,,,,,,,,
,00:35:55,146,,,,,,,,,
,00:35:56,145,,,,,,,,,
,00:35:57,145,,,,,,,,,
,00:35:58,145,,,,,,,,,
,00:35:59,145,,,,,,,,,
,00:36:00,144,,,,,,,,,
,00:36:01,144,,,,,,,,,
,00:36:02,145,,,,,,,,,
,00:36:03,145,,,,,,,,,
,00:36:04,145,,,,,,,,,
,00:36:05,145,,,,,,,,,
,00:36:06,144,,,,,,,,,
,00:36:07,144,,,,,,,,,
,00:36:08,144,,,,,,,,,
,00:36:09,144,,,,,,,,,
,00:36:10,144,,,,,,,,,
,00:36:11,143,,,,,,,,,
,00:36:12,144,,,,,,,,,
,00:36:13,143,,,,,,,,,
,00:36:14,143,,,,,,,,,
,00:36:15,143,,,,,,,,,
,00:36:16,144,,,,,,,,,
,00:36:17,144,,,,,,,,,
,00:36:18,144,,,,,,,,,
,00:36:19,144,,,,,,,,,
,00:36:20,144,,,,,,,,,
,00:36:21,144,,,,,,,,,
,00:36:22,144,,,,,,,,,
,00:36:23,144,,,,,,,,,
,00:36:24,144,,,,,,,,,
,00:36:25,145,,,,,,,,,
,00:36:26,141,,,,,,,,,
,00:36:27,140,,,,,,,,,
,00:36:28,139,,,,,,,,,
,00:36:29,139,,,,,,,,,
,00:36:30,139,,,,,,,,,
,00:36:31,140,,,,,,,,,
,00:36:32,140,,,,,,,,,
,00:36:33,141,,,,,,,,,
,00:36:34,142,,,,,,,,,
,00:36:35,143,,,,,,,,,
,00:36:36,143,,,,,,,,,
,00:36:37,144,,,,,,,,,
,00:36:38,144,,,,,,,,,
,00:36:39,144,,,,,,,,,
,00:36:40,143,,,,,,,,,
,00:36:41,143,,,,,,,,,
,00:36:42,141,,,,,,,,,
,00:36:43,140,,,,,,,,,
,00:36:44,139,,,,,,,,,
,00:36:45,139,,,,,,,,,
,00:36:46,139,,,,,,,,,
,00:36:47,139,,,,,,,,,
,00:36:48,139,,,,,,,,,
,00:36:49,139,,,,,,,,,
,00:36:50,137,,,,,,,,,
,00:36:51,136,,,,,,,,,
,00:36:52,136,,,,,,,,,
,00:36:53,135,,,,,,,,,
,00:36:54,135,,,,,,,,,
,00:36:55,134,,,,,,,,,
,00:36:56,134,,,,,,,,,
,00:36:57,134,,,,,,,,,
,00:36:58,134,,,,,,,,,
,00:36:59,135,,,,,,,,,
,00:37:00,134,,,,,,,,,
,00:37:01,134,,,,,,,,,
,00:37:02,134,,,,,,,,,
,00:37:03,134,,,,,,,,,
,00:37:04,134,,,,,,,,,
,00:37:05,134,,,,,,,,,
,00:37:06,134,,,,,,,,,
,00:37:07,134,,,,,,,,,
,00:37:08,134,,,,,,,,,
,00:37:09,134,,,,,,,,,
,00:37:10,134,,,,,,,,,
,00:37:11,134,,,,,,,,,
,00:37:12,134,,,,,,,,,
,00:37:13,134,,,,,,,,,
,00:37:14,134,,,,,,,,,
,00:37:15,135,,,,,,,,,
,00:37:16,135,,,,,,,,,
,00:37:17,136,,,,,,,,,
,00:37:18,137,,,,,,,,,
,00:37:19,138,,,,,,,,,
,00:37:20,138,,,,,,,,,
,00:37:21,138,,,,,,,,,
,00:37:22,138,,,,,,,,,
,00:37:23,138,,,,,,,,,
,00:37:24,139,,,,,,,,,
,00:37:25,139,,,,,,,,,
,00:37:26,140,,,,,,,,,
,00:37:27,140,,,,,,,,,
,00:37:28,141,,,,,,,,,
,00:37:29,141,,,,,,,,,
,00:37:30,140,,,,,,,,,
,00:37:31,140,,,,,,,,,
,00:37:32,140,,,,,,,,,
,00:37:33,139,,,,,,,,,
,00:37:34,140,,,,,,,,,
,00:37:35,140,,,,,,,,,
,00:37:36,140,,,,,,,,,
,00:37:37,139,,,,,,,,,
,00:37:38,139,,,,,,,,,
,00:37:39,141,,,,,,,,,
,00:37:40,141,,,,,,,,,
,00:37:41,143,,,,,,,,,
,00:37:42,144,,,,,,,,,
,00:37:43,144,,,,,,,,,
,00:37:44,144,,,,,,,,,
,00:37:45,144,,,,,,,,,
,00:37:46,147,,,,,,,,,
,00:37:47,147,,,,,,,,,
,00:37:48,148,,,,,,,,,
,00:37:49,148,,,,,,,,,
,00:37:50,149,,,,,,,,,
,00:37:51,149,,,,,,,,,
,00:37:52,150,,,,,,,,,
,00:37:53,150,,,,,,,,,
,00:37:54,151,,,,,,,,,
,00:37:55,151,,,,,,,,,
,00:37:56,152,,,,,,,,,
,00:37:57,152,,,,,,,,,
,00:37:58,152,,,,,,,,,
,00:37:59,153,,,,,,,,,
,00:38:00,153,,,,,,,,,
,00:38:01,153,,,,,,,,,
,00:38:02,154,,,,,,,,,
,00:38:03,153,,,,,,,,,
,00:38:04,153,,,,,,,,,
,00:38:05,153,,,,,,,,,
,00:38:06,152,,,,,,,,,
,00:38:07,152,,,,,,,,,
,00:38:08,151,,,,,,,,,
,00:38:09,151,,,,,,,,,
,00:38:10,150,,,,,,,,,
,00:38:11,149,,,,,,,,,
,00:38:12,148,,,,,,,,,
,00:38:13,148,,,,,,,,,
,00:38:14,148,,,,,,,,,
,00:38:15,148,,,,,,,,,
,00:38:16,148,,,,,,,,,
,00:38:17,148,,,,,,,,,
,00:38:18,148,,,,,,,,,
,00:38:19,147,,,,,,,,,
,00:38:20,147,,,,,,,,,
,00:38:21,147,,,,,,,,,
,00:38:22,146,,,,,,,,,
,00:38:23,145,,,,,,,,,
,00:38:24,145,,,,,,,,,
,00:38:25,145,,,,,,,,,
,00:38:26,145,,,,,,,,,
,00:38:27,146,,,,,,,,,
,00:38:28,146,,,,,,,,,
,00:38:29,145,,,,,,,,,
,00:38:30,144,,,,,,,,,
,00:38:31,143,,,,,,,,,
,00:38:32,143,,,,,,,,,
,00:38:33,143,,,,,,,,,
,00:38:34,142,,,,,,,,,
,00:38:35,142,,,,,,,,,
,00:38:36,142,,,,,,,,,
,00:38:37,142,,,,,,,,,
,00:38:38,142,,,,,,,,,
,00:38:39,143,,,,,,,,,
,00:38:40,144,,,,,,,,,
,00:38:41,144,,,,,,,,,
,00:38:42,144,,,,,,,,,
,00:38:43,144,,,,,,,,,
,00:38:44,144,,,,,,,,,
,00:38:45,144,,,,,,,,,
,00:38:46,143,,,,,,,,,
,00:38:47,138,,,,,,,,,
,00:38:48,137,,,,,,,,,
,00:38:49,137,,,,,,,,,
,00:38:50,137,,,,,,,,,
,00:38:51,137,,,,,,,,,
,00:38:52,138,,,,,,,,,
,00:38:53,138,,,,,,,,,
,00:38:54,139,,,,,,,,,
,00:38:55,139,,,,,,,,,
,00:38:56,138,,,,,,,,,
,00:38:57,138,,,,,,,,,
,00:38:58,138,,,,,,,,,
,00:38:59,138,,,,,,,,,
,00:39:00,138,,,,,,,,,
,00:39:01,137,,,,,,,,,
,00:39:02,136,,,,,,,,,
,00:39:03,136,,,,,,,,,
,00:39:04,136,,,,,,,,,
,00:39:05,136,,,,,,,,,
,00:39:06,136,,,,,,,,,
,00:39:07,136,,,,,,,,,
,00:39:08,136,,,,,,,,,
,00:39:09,136,,,,,,,,,
,00:39:10,137,,,,,,,,,
,00:39:11,138,,,,,,,,,
,00:39:12,138,,,,,,,,,
,00:39:13,138,,,,,,,,,
,00:39:14,138,,,,,,,,,
,00:39:15,139,,,,,,,,,
,00:39:16,140,,,,,,,,,
,00:39:17,140,,,,,,,,,
,00:39:18,140,,,,,,,,,
,00:39:19,143,,,,,,,,,
,00:39:20,144,,,,,,,,,
,00:39:21,144,,,,,,,,,
,00:39:22,145,,,,,,,,,
,00:39:23,145,,,,,,,,,
,00:39:24,145,,,,,,,,,
,00:39:25,146,,,,,,,,,
,00:39:26,146,,,,,,,,,
,00:39:27,147,,,,,,,,,
,00:39:28,148,,,,,,,,,
,00:39:29,148,,,,,,,,,
,00:39:30,149,,,,,,,,,
,00:39:31,149,,,,,,,,,
,00:39:32,150,,,,,,,,,
,00:39:33,150,,,,,,,,,
,00:39:34,151,,,,,,,,,
,00:39:35,151,,,,,,,,,
,00:39:36,152,,,,,,,,,
,00:39:37,152,,,,,,,,,
,00:39:38,152,,,,,,,,,
,00:39:39,153,,,,,,,,,
,00:39:40,154,,,,,,,,,
,00:39:41,154,,,,,,,,,
,00:39:42,153,,,,,,,,,
,00:39:43,153,,,,,,,,,
,00:39:44,153,,,,,,,,,
,00:39:45,153,,,,,,,,,
,00:39:46,152,,,,,,,,,
,00:39:47,151,,,,,,,,,
,00:39:48,150,,,,,,,,,
,00:39:49,149,,,,,,,,,
,00:39:50,149,,,,,,,,,
,00:39:51,148,,,,,,,,,
,00:39:52,148,,,,,,,,,
,00:39:53,148,,,,,,,,,
,00:39:54,148,,,,,,,,,
,00:39:55,148,,,,,,,,,
,00:39:56,148,,,,,,,,,
,00:39:57,148,,,,,,,,,
,00:39:58,148,,,,,,,,,
,00:39:59,148,,,,,,,,,
,00:40:00,148,,,,,,,,,
,00:40:01,149,,,,,,,,,
,00:40:02,149,,,,,,,,,
,00:40:03,150,,,,,,,,,
,00:40:04,149,,,,,,,,,
,00:40:05,149,,,,,,,,,
,00:40:06,148,,,,,,,,,
,00:40:07,148,,,,,,,,,
,00:40:08,147,,,,,,,,,
,00:40:09,147,,,,,,,,,
,00:40:10,146,,,,,,,,,
,00:40:11,146,,,,,,,,,
,00:40:12,146,,,,,,,,,
,00:40:13,145,,,,,,,,,
,00:40:14,146,,,,,,,,,
,00:40:15,146,,,,,,,,,
,00:40:16,145,,,,,,,,,
,00:40:17,145,,,,,,,,,
,00:40:18,145,,,,,,,,,
,00:40:19,146,,,,,,,,,
,00:40:20,146,,,,,,,,,
,00:40:21,146,,,,,,,,,
,00:40:22,147,,,,,,,,,
,00:40:23,146,,,,,,,,,
,00:40:24,146,,,,,,,,,
,00:40:25,146,,,,,,,,,
,00:40:26,146,,,,,,,,,
,00:40:27,146,,,,,,,,,
,00:40:28,147,,,,,,,,,
,00:40:29,146,,,,,,,,,
,00:40:30,144,,,,,,,,,
,00:40:31,144,,,,,,,,,
,00:40:32,143,,,,,,,,,
,00:40:33,143,,,,,,,,,
,00:40:34,143,,,,,,,,,
,00:40:35,143,,,,,,,,,
,00:40:36,143,,,,,,,,,
,00:40:37,142,,,,,,,,,
,00:40:38,142,,,,,,,,,
,00:40:39,142,,,,,,,,,
,00:40:40,141,,,,,,,,,
,00:40:41,142,,,,,,,,,
,00:40:42,142,,,,,,,,,
,00:40:43,143,,,,,,,,,
,00:40:44,144,,,,,,,,,
,00:40:45,145,,,,,,,,,
,00:40:46,146,,,,,,,,,
,00:40:47,146,,,,,,,,,
,00:40:48,147,,,,,,,,,
,00:40:49,147,,,,,,,,,
,00:40:50,147,,,,,,,,,
,00:40:51,147,,,,,,,,,
,00:40:52,147,,,,,,,,,
,00:40:53,147,,,,,,,,,
,00:40:54,148,,,,,,,,,
,00:40:55,148,,,,,,,,,
,00:40:56,148,,,,,,,,,
,00:40:57,148,,,,,,,,,
,00:40:58,148,,,,,,,,,
,00:40:59,148,,,,,,,,,
,00:41:00,148,,,,,,,,,
,00:41:01,149,,,,,,,,,
,00:41:02,149,,,,,,,,,
,00:41:03,149,,,,,,,,,
,00:41:04,149,,,,,,,,,
,00:41:05,149,,,,,,,,,
,00:41:06,149,,,,,,,,,
,00:41:07,149,,,,,,,,,
,00:41:08,150,,,,,,,,,
,00:41:09,151,,,,,,,,,
,00:41:10,152,,,,,,,,,
,00:41:11,152,,,,,,,,,
,00:41:12,153,,,,,,,,,
,00:41:13,153,,,,,,,,,
,00:41:14,154,,,,,,,,,
,00:41:15,155,,,,,,,,,
,00:41:16,155,,,,,,,,,
,00:41:17,155,,,,,,,,,
,00:41:18,156,,,,,,,,,
,00:41:19,157,,,,,,,,,
,00:41:20,158,,,,,,,,,
,00:41:21,159,,,,,,,,,
,00:41:22,159,,,,,,,,,
,00:41:23,160,,,,,,,,,
,00:41:24,161,,,,,,,,,
,00:41:25,161,,,,,,,,,
,00:41:26,162,,,,,,,,,
,00:41:27,162,,,,,,,,,
,00:41:28,162,,,,,,,,,
,00:41:29,162,,,,,,,,,
,00:41:30,162,,,,,,,,,
,00:41:31,161,,,,,,,,,
,00:41:32,161,,,,,,,,,
,00:41:33,161,,,,,,,,,
,00:41:34,160,,,,,,,,,
,00:41:35,160,,,,,,,,,
,00:41:36,160,,,,,,,,,
,00:41:37,159,,,,,,,,,
,00:41:38,159,,,,,,,,,
,00:41:39,159,,,,,,,,,
,00:41:40,159,,,,,,,,,
,00:41:41,159,,,,,,,,,
,00:41:42,159,,,,,,,,,
,00:41:43,159,,,,,,,,,
,00:41:44,159,,,,,,,,,
,00:41:45,158,,,,,,,,,
,00:41:46,158,,,,,,,,,
,00:41:47,158,,,,,,,,,
,00:41:48,158,,,,,,,,,
,00:41:49,158,,,,,,,,,
,00:41:50,157,,,,,,,,,
,00:41:51,157,,,,,,,,,
,00:41:52,156,,,,,,,,,
,00:41:53,156,,,,,,,,,
,00:41:54,154,,,,,,,,,
,00:41:55,154,,,,,,,,,
,00:41:56,153,,,,,,,,,
,00:41:57,153,,,,,,,,,
,00:41:58,153,,,,,,,,,
,00:41:59,152,,,,,,,,,
,00:42:00,152,,,,,,,,,
,00:42:01,151,,,,,,,,,
,00:42:02,152,,,,,,,,,
,00:42:03,152,,,,,,,,,
,00:42:04,152,,,,,,,,,
,00:42:05,152,,,,,,,,,
,00:42:06,152,,,,,,,,,
,00:42:07,152,,,,,,,,,
,00:42:08,151,,,,,,,,,
,00:42:09,151,,,,,,,,,
,00:42:10,149,,,,,,,,,
,00:42:11,148,,,,,,,,,
,00:42:12,147,,,,,,,,,
,00:42:13,147,,,,,,,,,
,00:42:14,147,,,,,,,,,
,00:42:15,146,,,,,,,,,
,00:42:16,146,,,,,,,,,
,00:42:17,146,,,,,,,,,
,00:42:18,146,,,,,,,,,
,00:42:19,145,,,,,,,,,
,00:42:20,145,,,,,,,,,
,00:42:21,145,,,,,,,,,
,00:42:22,145,,,,,,,,,
,00:42:23,145,,,,,,,,,
,00:42:24,145,,,,,,,,,
,00:42:25,147,,,,,,,,,
,00:42:26,147,,,,,,,,,
,00:42:27,146,,,,,,,,,
,00:42:28,146,,,,,,,,,
,00:42:29,146,,,,,,,,,
,00:42:30,147,,,,,,,,,
,00:42:31,147,,,,,,,,,
,00:42:32,148,,,,,,,,,
,00:42:33,147,,,,,,,,,
,00:42:34,147,,,,,,,,,
,00:42:35,146,,,,,,,,,
,00:42:36,146,,,,,,,,,
,00:42:37,146,,,,,,,,,
,00:42:38,147,,,,,,,,,
,00:42:39,148,,,,,,,,,
,00:42:40,148,,,,,,,,,
,00:42:41,149,,,,,,,,,
,00:42:42,150,,,,,,,,,
,00:42:43,150,,,,,,,,,
,00:42:44,150,,,,,,,,,
,00:42:45,150,,,,,,,,,
,00:42:46,150,,,,,,,,,
,00:42:47,150,,,,,,,,,
,00:42:48,150,,,,,,,,,
,00:42:49,150,,,,,,,,,
,00:42:50,150,,,,,,,,,
,00:42:51,149,,,,,,,,,
,00:42:52,150,,,,,,,,,
,00:42:53,150,,,,,,,,,
,00:42:54,150,,,,,,,,,
,00:42:55,150,,,,,,,,,
,00:42:56,150,,,,,,,,,
,00:42:57,150,,,,,,,,,
,00:42:58,150,,,,,,,,,
,00:42:59,150,,,,,,,,,
,00:43:00,151,,,,,,,,,
,00:43:01,150,,,,,,,,,
,00:43:02,150,,,,,,,,,
,00:43:03,150,,,,,,,,,
,00:43:04,150,,,,,,,,,
,00:43:05,150,,,,,,,,,
,00:43:06,150,,,,,,,,,
,00:43:07,149,,,,,,,,,
,00:43:08,149,,,,,,,,,
,00:43:09,148,,,,,,,,,
,00:43:10,148,,,,,,,,,
,00:43:11,148,,,,,,,,,
,00:43:12,147,,,,,,,,,
,00:43:13,146,,,,,,,,,
,00:43:14,146,,,,,,,,,
,00:43:15,146,,,,,,,,,
,00:43:16,145,,,,,,,,,
,00:43:17,146,,,,,,,,,
,00:43:18,146,,,,,,,,,
,00:43:19,146,,,,,,,,,
,00:43:20,146,,,,,,,,,
,00:43:21,146,,,,,,,,,
,00:43:22,147,,,,,,,,,
,00:43:23,147,,,,,,,,,
,00:43:24,147,,,,,,,,,
,00:43:25,147,,,,,,,,,
,00:43:26,146,,,,,,,,,
,00:43:27,145,,,,,,,,,
,00:43:28,145,,,,,,,,,
,00:43:29,145,,,,,,,,,
,00:43:30,143,,,,,,,,,
,00:43:31,143,,,,,,,,,
,00:43:32,142,,,,,,,,,
,00:43:33,141,,,,,,,,,
,00:43:34,140,,,,,,,,,
,00:43:35,139,,,,,,,,,
,00:43:36,138,,,,,,,,,
,00:43:37,137,,,,,,,,,
,00:43:38,137,,,,,,,,,
,00:43:39,137,,,,,,,,,
,00:43:40,137,,,,,,,,,
,00:43:41,138,,,,,,,,,
,00:43:42,138,,,,,,,,,
,00:43:43,138,,,,,,,,,
,00:43:44,138,,,,,,,,,
,00:43:45,138,,,,,,,,,
,00:43:46,137,,,,,,,,,
,00:43:47,138,,,,,,,,,
,00:43:48,138,,,,,,,,,
,00:43:49,139,,,,,,,,,
,00:43:50,140,,,,,,,,,
,00:43:51,141,,,,,,,,,
,00:43:52,144,,,,,,,,,
,00:43:53,145,,,,,,,,,
,00:43:54,145,,,,,,,,,
,00:43:55,145,,,,,,,,,
,00:43:56,146,,,,,,,,,
,00:43:57,146,,,,,,,,,
,00:43:58,146,,,,,,,,,
,00:43:59,147,,,,,,,,,
,00:44:00,148,,,,,,,,,
,00:44:01,149,,,,,,,,,
,00:44:02,149,,,,,,,,,
,00:44:03,151,,,,,,,,,
,00:44:04,152,,,,,,,,,
,00:44:05,152,,,,,,,,,
,00:44:06,152,,,,,,,,,
,00:44:07,152,,,,,,,,,
,00:44:08,152,,,,,,,,,
,00:44:09,153,,,,,,,,,
,00:44:10,153,,,,,,,,,
,00:44:11,154,,,,,,,,,
,00:44:12,155,,,,,,,,,
,00:44:13,155,,,,,,,,,
,00:44:14,155,,,,,,,,,
,00:44:15,155,,,,,,,,,
,00:44:16,155,,,,,,,,,
,00:44:17,155,,,,,,,,,
,00:44:18,155,,,,,,,,,
,00:44:19,154,,,,,,,,,
,00:44:20,153,,,,,,,,,
,00:44:21,153,,,,,,,,,
,00:44:22,153,,,,,,,,,
,00:44:23,153,,,,,,,,,
,00:44:24,153,,,,,,,,,
,00:44:25,152,,,,,,,,,
,00:44:26,151,,,,,,,,,
,00:44:27,151,,,,,,,,,
,00:44:28,151,,,,,,,,,
,00:44:29,151,,,,,,,,,
,00:44:30,152,,,,,,,,,
,00:44:31,152,,,,,,,,,
,00:44:32,152,,,,,,,,,
,00:44:33,152,,,,,,,,,
,00:44:34,152,,,,,,,,,
,00:44:35,152,,,,,,,,,
,00:44:36,151,,,,,,,,,
,00:44:37,151,,,,,,,,,
,00:44:38,151,,,,,,,,,
,00:44:39,151,,,,,,,,,
,00:44:40,151,,,,,,,,,
,00:44:41,151,,,,,,,,,
,00:44:42,150,,,,,,,,,
,00:44:43,150,,,,,,,,,
,00:44:44,150,,,,,,,,,
,00:44:45,150,,,,,,,,,
,00:44:46,150,,,,,,,,,
,00:44:47,149,,,,,,,,,
,00:44:48,148,,,,,,,,,
,00:44:49,147,,,,,,,,,
,00:44:50,146,,,,,,,,,
,00:44:51,145,,,,,,,,,
,00:44:52,145,,,,,,,,,
,00:44:53,144,,,,,,,,,
,00:44:54,144,,,,,,,,,
,00:44:55,143,,,,,,,,,
,00:44:56,143,,,,,,,,,
,00:44:57,143,,,,,,,,,
,00:44:58,142,,,,,,,,,
,00:44:59,141,,,,,,,,,
,00:45:00,142,,,,,,,,,
,00:45:01,142,,,,,,,,,
,00:45:02,142,,,,,,,,,
,00:45:03,142,,,,,,,,,
,00:45:04,142,,,,,,,,,
,00:45:05,142,,,,,,,,,
,00:45:06,142,,,,,,,,,
,00:45:07,142,,,,,,,,,
,00:45:08,141,,,,,,,,,
,00:45:09,142,,,,,,,,,
,00:45:10,142,,,,,,,,,
,00:45:11,142,,,,,,,,,
,00:45:12,143,,,,,,,,,
,00:45:13,143,,,,,,,,,
,00:45:14,142,,,,,,,,,
,00:45:15,142,,,,,,,,,
,00:45:16,142,,,,,,,,,
,00:45:17,143,,,,,,,,,
,00:45:18,143,,,,,,,,,
,00:45:19,143,,,,,,,,,
,00:45:20,143,,,,,,,,,
,00:45:21,143,,,,,,,,,
,00:45:22,144,,,,,,,,,
,00:45:23,144,,,,,,,,,
,00:45:24,145,,,,,,,,,
,00:45:25,145,,,,,,,,,
,00:45:26,145,,,,,,,,,
,00:45:27,147,,,,,,,,,
,00:45:28,148,,,,,,,,,
,00:45:29,148,,,,,,,,,
,00:45:30,148,,,,,,,,,
,00:45:31,148,,,,,,,,,
,00:45:32,149,,,,,,,,,
,00:45:33,149,,,,,,,,,
,00:45:34,149,,,,,,,,,
,00:45:35,149,,,,,,,,,
,00:45:36,149,,,,,,,,,
,00:45:37,149,,,,,,,,,
,00:45:38,149,,,,,,,,,
,00:45:39,149,,,,,,,,,
,00:45:40,149,,,,,,,,,
,00:45:41,149,,,,,,,,,
,00:45:42,149,,,,,,,,,
,00:45:43,150,,,,,,,,,
,00:45:44,150,,,,,,,,,
,00:45:45,150,,,,,,,,,
,00:45:46,150,,,,,,,,,
,00:45:47,149,,,,,,,,,
,00:45:48,149,,,,,,,,,
,00:45:49,147,,,,,,,,,
,00:45:50,147,,,,,,,,,
,00:45:51,146,,,,,,,,,
,00:45:52,146,,,,,,,,,
,00:45:53,146,,,,,,,,,
,00:45:54,146,,,,,,,,,
,00:45:55,147,,,,,,,,,
,00:45:56,147,,,,,,,,,
,00:45:57,148,,,,,,,,,
,00:45:58,149,,,,,,,,,
,00:45:59,149,,,,,,,,,
,00:46:00,150,,,,,,,,,
,00:46:01,150,,,,,,,,,
,00:46:02,150,,,,,,,,,
,00:46:03,150,,,,,,,,,
,00:46:04,149,,,,,,,,,
,00:46:05,148,,,,,,,,,
,00:46:06,147,,,,,,,,,
,00:46:07,146,,,,,,,,,
,00:46:08,146,,,,,,,,,
,00:46:09,145,,,,,,,,,
,00:46:10,145,,,,,,,,,
,00:46:11,145,,,,,,,,,
,00:46:12,145,,,,,,,,,
,00:46:13,144,,,,,,,,,
,00:46:14,143,,,,,,,,,
,00:46:15,143,,,,,,,,,
,00:46:16,143,,,,,,,,,
,00:46:17,143,,,,,,,,,
,00:46:18,142,,,,,,,,,
,00:46:19,142,,,,,,,,,
,00:46:20,142,,,,,,,,,
,00:46:21,143,,,,,,,,,
,00:46:22,143,,,,,,,,,
,00:46:23,143,,,,,,,,,
,00:46:24,143,,,,,,,,,
,00:46:25,142,,,,,,,,,
,00:46:26,142,,,,,,,,,
,00:46:27,142,,,,,,,,,
,00:46:28,143,,,,,,,,,
,00:46:29,142,,,,,,,,,
,00:46:30,142,,,,,,,,,
,00:46:31,142,,,,,,,,,
,00:46:32,142,,,,,,,,,
,00:46:33,142,,,,,,,,,
,00:46:34,142,,,,,,,,,
,00:46:35,141,,,,,,,,,
,00:46:36,141,,,,,,,,,
,00:46:37,141,,,,,,,,,
,00:46:38,140,,,,,,,,,
,00:46:39,140,,,,,,,,,
,00:46:40,140,,,,,,,,,
,00:46:41,140,,,,,,,,,
,00:46:42,141,,,,,,,,,
,00:46:43,141,,,,,,,,,
,00:46:44,142,,,,,,,,,
,00:46:45,142,,,,,,,,,
,00:46:46,142,,,,,,,,,
,00:46:47,142,,,,,,,,,
,00:46:48,142,,,,,,,,,
,00:46:49,142,,,,,,,,,
,00:46:50,142,,,,,,,,,
,00:46:51,143,,,,,,,,,
,00:46:52,143,,,,,,,,,
,00:46:53,143,,,,,,,,,
,00:46:54,142,,,,,,,,,
,00:46:55,142,,,,,,,,,
,00:46:56,141,,,,,,,,,
,00:46:57,140,,,,,,,,,
,00:46:58,140,,,,,,,,,
,00:46:59,140,,,,,,,,,
,00:47:00,139,,,,,,,,,
,00:47:01,140,,,,,,,,,
,00:47:02,141,,,,,,,,,
,00:47:03,141,,,,,,,,,
,00:47:04,140,,,,,,,,,
,00:47:05,138,,,,,,,,,
,00:47:06,137,,,,,,,,,
,00:47:07,136,,,,,,,,,
,00:47:08,135,,,,,,,,,
,00:47:09,134,,,,,,,,,
,00:47:10,133,,,,,,,,,
,00:47:11,133,,,,,,,,,
,00:47:12,133,,,,,,,,,
,00:47:13,132,,,,,,,,,
,00:47:14,131,,,,,,,,,
,00:47:15,131,,,,,,,,,
,00:47:16,131,,,,,,,,,
,00:47:17,130,,,,,,,,,
,00:47:18,130,,,,,,,,,
,00:47:19,130,,,,,,,,,
,00:47:20,130,,,,,,,,,
,00:47:21,130,,,,,,,,,
,00:47:22,130,,,,,,,,,
,00:47:23,130,,,,,,,,,
,00:47:24,130,,,,,,,,,
,00:47:25,129,,,,,,,,,
,00:47:26,129,,,,,,,,,
,00:47:27,128,,,,,,,,,
,00:47:28,128,,,,,,,,,
,00:47:29,129,,,,,,,,,
,00:47:30,128,,,,,,,,,
,00:47:31,128,,,,,,,,,
,00:47:32,128,,,,,,,,,
,00:47:33,128,,,,,,,,,
,00:47:34,127,,,,,,,,,
,00:47:35,127,,,,,,,,,
,00:47:36,126,,,,,,,,,
,00:47:37,126,,,,,,,,,
,00:47:38,127,,,,,,,,,
,00:47:39,127,,,,,,,,,
,00:47:40,127,,,,,,,,,
,00:47:41,127,,,,,,,,,
,00:47:42,127,,,,,,,,,
,00:47:43,126,,,,,,,,,
,00:47:44,126,,,,,,,,,
,00:47:45,127,,,,,,,,,
,00:47:46,127,,,,,,,,,
,00:47:47,128,,,,,,,,,
,00:47:48,128,,,,,,,,,
,00:47:49,128,,,,,,,,,
,00:47:50,128,,,,,,,,,
,00:47:51,126,,,,,,,,,
,00:47:52,126,,,,,,,,,
,00:47:53,126,,,,,,,,,
,00:47:54,127,,,,,,,,,
,00:47:55,126,,,,,,,,,
,00:47:56,126,,,,,,,,,
,00:47:57,124,,,,,,,,,
,00:47:58,122,,,,,,,,,
,00:47:59,121,,,,,,,,,
,00:48:00,120,,,,,,,,,
,00:48:01,119,,,,,,,,,
,00:48:02,119,,,,,,,,,
,00:48:03,120,,,,,,,,,
,00:48:04,121,,,,,,,,,
,00:48:05,121,,,,,,,,,
,00:48:06,121,,,,,,,,,
,00:48:07,121,,,,,,,,,
,00:48:08,120,,,,,,,,,
,00:48:09,119,,,,,,,,,
,00:48:10,119,,,,,,,,,
,00:48:11,119,,,,,,,,,
,00:48:12,119,,,,,,,,,
,00:48:13,119,,,,,,,,,
,00:48:14,119,,,,,,,,,
,00:48:15,119,,,,,,,,,
,00:48:16,118,,,,,,,,,
,00:48:17,118,,,,,,,,,
,00:48:18,118,,,,,,,,,
,00:48:19,117,,,,,,,,,
,00:48:20,117,,,,,,,,,
,00:48:21,117,,,,,,,,,
,00:48:22,116,,,,,,,,,
,00:48:23,116,,,,,,,,,
,00:48:24,116,,,,,,,,,
,00:48:25,117,,,,,,,,,
,00:48:26,117,,,,,,,,,
,00:48:27,116,,,,,,,,,
,00:48:28,117,,,,,,,,,
,00:48:29,116,,,,,,,,,
,00:48:30,116,,,,,,,,,
,00:48:31,115,,,,,,,,,
,00:48:32,115,,,,,,,,,
,00:48:33,115,,,,,,,,,
,00:48:34,115,,,,,,,,,
,00:48:35,115,,,,,,,,,
,00:48:36,115,,,,,,,,,
,00:48:37,115,,,,,,,,,
,00:48:38,115,,,,,,,,,
,00:48:39,114,,,,,,,,,
,00:48:40,114,,,,,,,,,
,00:48:41,115,,,,,,,,,
,00:48:42,115,,,,,,,,,
,00:48:43,116,,,,,,,,,
,00:48:44,117,,,,,,,,,
,00:48:45,118,,,,,,,,,
,00:48:46,119,,,,,,,,,
,00:48:47,119,,,,,,,,,
,00:48:48,120,,,,,,,,,
,00:48:49,120,,,,,,,,,
,00:48:50,120,,,,,,,,,
,00:48:51,119,,,,,,,,,
,00:48:52,118,,,,,,,,,
,00:48:53,119,,,,,,,,,
,00:48:54,120,,,,,,,,,
,00:48:55,120,,,,,,,,,
,00:48:56,119,,,,,,,,,
,00:48:57,118,,,,,,,,,
,00:48:58,118,,,,,,,,,
,00:48:59,117,,,,,,,,,
,00:49:00,115,,,,,,,,,
,00:49:01,114,,,,,,,,,
,00:49:02,114,,,,,,,,,
,00:49:03,113,,,,,,,,,
,00:49:04,113,,,,,,,,,
,00:49:05,113,,,,,,,,,
,00:49:06,113,,,,,,,,,
,00:49:07,114,,,,,,,,,
,00:49:08,115,,,,,,,,,
,00:49:09,114,,,,,,,,,
,00:49:10,114,,,,,,,,,
,00:49:11,114,,,,,,,,,
,00:49:12,114,,,,,,,,,
,00:49:13,114,,,,,,,,,
,00:49:14,115,,,,,,,,,
,00:49:15,115,,,,,,,,,
,00:49:16,116,,,,,,,,,
,00:49:17,117,,,,,,,,,
,00:49:18,118,,,,,,,,,
,00:49:19,119,,,,,,,,,
,00:49:20,120,,,,,,,,,
,00:49:21,120,,,,,,,,,
,00:49:22,120,,,,,,,,,
,00:49:23,123,,,,,,,,,
,00:49:24,124,,,,,,,,,
,00:49:25,125,,,,,,,,,
,00:49:26,125,,,,,,,,,
,00:49:27,125,,,,,,,,,
,00:49:28,125,,,,,,,,,
,00:49:29,122,,,,,,,,,
,00:49:30,121,,,,,,,,,
,00:49:31,121,,,,,,,,,
,00:49:32,119,,,,,,,,,
,00:49:33,119,,,,,,,,,
,00:49:34,120,,,,,,,,,
,00:49:35,120,,,,,,,,,
,00:49:36,119,,,,,,,,,
,00:49:37,119,,,,,,,,,
,00:49:38,118,,,,,,,,,
,00:49:39,119,,,,,,,,,
,00:49:40,119,,,,,,,,,
,00:49:41,118,,,,,,,,,
,00:49:42,118,,,,,,,,,
,00:49:43,118,,,,,,,,,
,00:49:44,116,,,,,,,,,
,00:49:45,114,,,,,,,,,
,00:49:46,113,,,,,,,,,
,00:49:47,113,,,,,,,,,
,00:49:48,114,,,,,,,,,
,00:49:49,115,,,,,,,,,
,00:49:50,116,,,,,,,,,
,00:49:51,116,,,,,,,,,
,00:49:52,116,,,,,,,,,
,00:49:53,116,,,,,,,,,
,00:49:54,116,,,,,,,,,
,00:49:55,115,,,,,,,,,
,00:49:56,115,,,,,,,,,
,00:49:57,114,,,,,,,,,
,00:49:58,115,,,,,,,,,
,00:49:59,114,,,,,,,,,
,00:50:00,114,,,,,,,,,
,00:50:01,114,,,,,,,,,
,00:50:02,114,,,,,,,,,
,00:50:03,113,,,,,,,,,
,00:50:04,113,,,,,,,,,
,00:50:05,113,,,,,,,,,
,00:50:06,113,,,,,,,,,
,00:50:07,113,,,,,,,,,
,00:50:08,113,,,,,,,,,
,00:50:09,113,,,,,,,,,
,00:50:10,113,,,,,,,,,
,00:50:11,113,,,,,,,,,
,00:50:12,113,,,,,,,,,
,00:50:13,113,,,,,,,,,
,00:50:14,113,,,,,,,,,
,00:50:15,113,,,,,,,,,
,00:50:16,113,,,,,,,,,
,00:50:17,113,,,,,,,,,
,00:50:18,113,,,,,,,,,
,00:50:19,113,,,,,,,,,
,00:50:20,113,,,,,,,,,
,00:50:21,113,,,,,,,,,
,00:50:22,113,,,,,,,,,
,00:50:23,114,,,,,,,,,
,00:50:24,114,,,,,,,,,
,00:50:25,114,,,,,,,,,
,00:50:26,114,,,,,,,,,
,00:50:27,114,,,,,,,,,
,00:50:28,114,,,,,,,,,
,00:50:29,114,,,,,,,,,
,00:50:30,113,,,,,,,,,
,00:50:31,113,,,,,,,,,
,00:50:32,113,,,,,,,,,
,00:50:33,113,,,,,,,,,
,00:50:34,113,,,,,,,,,
,00:50:35,114,,,,,,,,,
,00:50:36,115,,,,,,,,,
,00:50:37,115,,,,,,,,,
,00:50:38,115,,,,,,,,,
,00:50:39,116,,,,,,,,,
,00:50:40,116,,,,,,,,,
,00:50:41,116,,,,,,,,,
,00:50:42,115,,,,,,,,,
,00:50:43,114,,,,,,,,,
,00:50:44,114,,,,,,,,,
,00:50:45,114,,,,,,,,,
,00:50:46,114,,,,,,,,,
,00:50:47,114,,,,,,,,,
,00:50:48,115,,,,,,,,,
,00:50:49,115,,,,,,,,,
,00:50:50,115,,,,,,,,,
,00:50:51,115,,,,,,,,,
,00:50:52,115,,,,,,,,,
,00:50:53,115,,,,,,,,,
,00:50:54,114,,,,,,,,,
,00:50:55,114,,,,,,,,,
,00:50:56,115,,,,,,,,,
,00:50:57,114,,,,,,,,,
,00:50:58,114,,,,,,,,,
,00:50:59,114,,,,,,,,,
,00:51:00,115,,,,,,,,,
,00:51:01,116,,,,,,,,,
,00:51:02,116,,,,,,,,,
,00:51:03,116,,,,,,,,,
,00:51:04,116,,,,,,,,,
,00:51:05,116,,,,,,,,,
,00:51:06,115,,,,,,,,,
,00:51:07,114,,,,,,,,,
,00:51:08,114,,,,,,,,,
,00:51:09,113,,,,,,,,,
,00:51:10,112,,,,,,,,,
,00:51:11,113,,,,,,,,,
,00:51:12,113,,,,,,,,,
,00:51:13,113,,,,,,,,,
,00:51:14,113,,,,,,,,,
,00:51:15,113,,,,,,,,,
,00:51:16,113,,,,,,,,,
,00:51:17,113,,,,,,,,,
,00:51:18,112,,,,,,,,,
,00:51:19,112,,,,,,,,,
,00:51:20,112,,,,,,,,,
,00:51:21,112,,,,,,,,,
,00:51:22,112,,,,,,,,,
,00:51:23,112,,,,,,,,,
,00:51:24,112,,,,,,,,,
,00:51:25,112,,,,,,,,,
,00:51:26,113,,,,,,,,,
,00:51:27,113,,,,,,,,,
,00:51:28,113,,,,,,,,,
,00:51:29,113,,,,,,,,,
,00:51:30,113,,,,,,,,,
,00:51:31,113,,,,,,,,,
,00:51:32,113,,,,,,,,,
,00:51:33,113,,,,,,,,,
,00:51:34,113,,,,,,,,,
,00:51:35,113,,,,,,,,,
,00:51:36,113,,,,,,,,,
,00:51:37,113,,,,,,,,,
,00:51:38,112,,,,,,,,,
,00:51:39,112,,,,,,,,,
,00:51:40,112,,,,,,,,,
,00:51:41,112,,,,,,,,,
,00:51:42,112,,,,,,,,,
,00:51:43,113,,,,,,,,,
,00:51:44,113,,,,,,,,,
,00:51:45,113,,,,,,,,,
,00:51:46,113,,,,,,,,,
,00:51:47,114,,,,,,,,,
,00:51:48,115,,,,,,,,,
,00:51:49,116,,,,,,,,,
,00:51:50,116,,,,,,,,,
,00:51:51,117,,,,,,,,,
,00:51:52,117,,,,,,,,,
,00:51:53,117,,,,,,,,,
,00:51:54,117,,,,,,,,,
,00:51:55,116,,,,,,,,,
,00:51:56,116,,,,,,,,,
,00:51:57,116,,,,,,,,,
,00:51:58,117,,,,,,,,,
,00:51:59,117,,,,,,,,,
,00:52:00,117,,,,,,,,,
,00:52:01,116,,,,,,,,,
,00:52:02,115,,,,,,,,,
,00:52:03,115,,,,,,,,,
,00:52:04,115,,,,,,,,,
,00:52:05,115,,,,,,,,,
,00:52:06,115,,,,,,,,,
,00:52:07,115,,,,,,,,,
,00:52:08,116,,,,,,,,,
,00:52:09,115,,,,,,,,,
,00:52:10,115,,,,,,,,,
,00:52:11,114,,,,,,,,,
,00:52:12,113,,,,,,,,,
,00:52:13,112,,,,,,,,,
,00:52:14,112,,,,,,,,,
,00:52:15,112,,,,,,,,,
,00:52:16,112,,,,,,,,,
,00:52:17,112,,,,,,,,,
,00:52:18,112,,,,,,,,,
,00:52:19,112,,,,,,,,,
,00:52:20,112,,,,,,,,,
,00:52:21,112,,,,,,,,,
,00:52:22,111,,,,,,,,,
,00:52:23,110,,,,,,,,,
,00:52:24,111,,,,,,,,,
,00:52:25,111,,,,,,,,,
,00:52:26,112,,,,,,,,,
,00:52:27,113,,,,,,,,,
,00:52:28,114,,,,,,,,,
,00:52:29,113,,,,,,,,,
,00:52:30,113,,,,,,,,,
,00:52:31,113,,,,,,,,,
,00:52:32,113,,,,,,,,,
,00:52:33,113,,,,,,,,,
,00:52:34,112,,,,,,,,,
,00:52:35,112,,,,,,,,,
,00:52:36,113,,,,,,,,,
,00:52:37,113,,,,,,,,,
,00:52:38,113,,,,,,,,,
,00:52:39,113,,,,,,,,,
,00:52:40,113,,,,,,,,,
,00:52:41,113,,,,,,,,,
,00:52:42,113,,,,,,,,,
,00:52:43,112,,,,,,,,,
,00:52:44,113,,,,,,,,,
,00:52:45,113,,,,,,,,,
,00:52:46,113,,,,,,,,,
,00:52:47,114,,,,,,,,,
,00:52:48,114,,,,,,,,,
,00:52:49,113,,,,,,,,,
,00:52:50,113,,,,,,,,,
,00:52:51,113,,,,,,,,,
,00:52:52,113,,,,,,,,,
,00:52:53,113,,,,,,,,,
,00:52:54,112,,,,,,,,,
,00:52:55,112,,,,,,,,,
,00:52:56,112,,,,,,,,,
,00:52:57,112,,,,,,,,,
,00:52:58,111,,,,,,,,,
,00:52:59,111,,,,,,,,,
,00:53:00,111,,,,,,,,,
,00:53:01,112,,,,,,,,,
,00:53:02,113,,,,,,,,,
,00:53:03,114,,,,,,,,,
,00:53:04,115,,,,,,,,,
,00:53:05,116,,,,,,,,,
,00:53:06,116,,,,,,,,,
,00:53:07,116,,,,,,,,,
,00:53:08,116,,,,,,,,,
,00:53:09,117,,,,,,,,,
,00:53:10,118,,,,,,,,,
,00:53:11,118,,,,,,,,,
,00:53:12,118,,,,,,,,,
,00:53:13,119,,,,,,,,,
,00:53:14,119,,,,,,,,,
,00:53:15,118,,,,,,,,,
,00:53:16,118,,,,,,,,,
,00:53:17,117,,,,,,,,,
,00:53:18,115,,,,,,,,,
,00:53:19,114,,,,,,,,,
,00:53:20,112,,,,,,,,,
,00:53:21,111,,,,,,,,,
,00:53:22,111,,,,,,,,,
,00:53:23,112,,,,,,,,,
,00:53:24,113,,,,,,,,,
,00:53:25,113,,,,,,,,,
,00:53:26,112,,,,,,,,,
,00:53:27,112,,,,,,,,,
,00:53:28,112,,,,,,,,,
,00:53:29,112,,,,,,,,,
,00:53:30,111,,,,,,,,,
,00:53:31,111,,,,,,,,,
,00:53:32,111,,,,,,,,,
,00:53:33,111,,,,,,,,,
,00:53:34,111,,,,,,,,,
,00:53:35,111,,,,,,,,,
,00:53:36,112,,,,,,,,,
,00:53:37,114,,,,,,,,,
,00:53:38,116,,,,,,,,,
,00:53:39,116,,,,,,,,,
,00:53:40,117,,,,,,,,,
,00:53:41,117,,,,,,,,,
,00:53:42,116,,,,,,,,,
,00:53:43,115,,,,,,,,,
,00:53:44,114,,,,,,,,,
,00:53:45,113,,,,,,,,,
,00:53:46,112,,,,,,,,,
,00:53:47,111,,,,,,,,,
,00:53:48,112,,,,,,,,,
,00:53:49,112,,,,,,,,,
,00:53:50,112,,,,,,,,,
,00:53:51,112,,,,,,,,,
,00:53:52,112,,,,,,,,,
,00:53:53,112,,,,,,,,,
,00:53:54,112,,,,,,,,,
,00:53:55,112,,,,,,,,,
,00:53:56,112,,,,,,,,,
,00:53:57,111,,,,,,,,,
,00:53:58,109,,,,,,,,,
,00:53:59,108,,,,,,,,,
,00:54:00,107,,,,,,,,,
,00:54:01,106,,,,,,,,,
,00:54:02,106,,,,,,,,,
,00:54:03,107,,,,,,,,,
,00:54:04,107,,,,,,,,,
,00:54:05,108,,,,,,,,,
,00:54:06,108,,,,,,,,,
,00:54:07,108,,,,,,,,,
,00:54:08,107,,,,,,,,,
,00:54:09,108,,,,,,,,,
,00:54:10,109,,,,,,,,,
,00:54:11,110,,,,,,,,,
,00:54:12,110,,,,,,,,,
,00:54:13,112,,,,,,,,,
,00:54:14,113,,,,,,,,,
,00:54:15,112,,,,,,,,,
,00:54:16,110,,,,,,,,,
,00:54:17,108,,,,,,,,,
,00:54:18,107,,,,,,,,,
,00:54:19,106,,,,,,,,,
,00:54:20,106,,,,,,,,,
,00:54:21,106,,,,,,,,,
,00:54:22,107,,,,,,,,,
,00:54:23,109,,,,,,,,,
,00:54:24,108,,,,,,,,,
,00:54:25,108,,,,,,,,,
,00:54:26,108,,,,,,,,,
,00:54:27,108,,,,,,,,,
,00:54:28,108,,,,,,,,,
,00:54:29,107,,,,,,,,,
,00:54:30,108,,,,,,,,,
,00:54:31,108,,,,,,,,,
,00:54:32,109,,,,,,,,,
,00:54:33,110,,,,,,,,,
,00:54:34,110,,,,,,,,,
,00:54:35,109,,,,,,,,,
,00:54:36,109,,,,,,,,,
,00:54:37,108,,,,,,,,,
,00:54:38,108,,,,,,,,,
,00:54:39,110,,,,,,,,,
,00:54:40,111,,,,,,,,,
,00:54:41,112,,,,,,,,,
,00:54:42,112,,,,,,,,,
,00:54:43,113,,,,,,,,,
,00:54:44,114,,,,,,,,,
,00:54:45,114,,,,,,,,,
,00:54:46,113,,,,,,,,,
,00:54:47,113,,,,,,,,,
,00:54:48,111,,,,,,,,,
,00:54:49,109,,,,,,,,,
,00:54:50,108,,,,,,,,,
,00:54:51,108,,,,,,,,,
,00:54:52,106,,,,,,,,,
,00:54:53,106,,,,,,,,,
,00:54:54,106,,,,,,,,,
,00:54:55,107,,,,,,,,,
,00:54:56,107,,,,,,,,,
,00:54:57,108,,,,,,,,,
,00:54:58,109,,,,,,,,,
,00:54:59,109,,,,,,,,,
,00:55:00,109,,,,,,,,,
,00:55:01,109,,,,,,,,,
,00:55:02,108,,,,,,,,,
,00:55:03,108,,,,,,,,,
,00:55:04,107,,,,,,,,,
,00:55:05,107,,,,,,,,,
,00:55:06,107,,,,,,,,,
,00:55:07,108,,,,,,,,,
,00:55:08,108,,,,,,,,,
,00:55:09,108,,,,,,,,,
,00:55:10,109,,,,,,,,,
,00:55:11,110,,,,,,,,,
,00:55:12,110,,,,,,,,,
,00:55:13,110,,,,,,,,,
,00:55:14,110,,,,,,,,,
,00:55:15,110,,,,,,,,,
,00:55:16,114,,,,,,,,,
,00:55:17,116,,,,,,,,,
,00:55:18,117,,,,,,,,,
,00:55:19,118,,,,,,,,,
,00:55:20,119,,,,,,,,,
,00:55:21,118,,,,,,,,,
,00:55:22,116,,,,,,,,,
,00:55:23,114,,,,,,,,,
,00:55:24,111,,,,,,,,,
,00:55:25,110,,,,,,,,,
,00:55:26,108,,,,,,,,,
,00:55:27,108,,,,,,,,,
,00:55:28,108,,,,,,,,,
,00:55:29,108,,,,,,,,,
,00:55:30,108,,,,,,,,,
,00:55:31,111,,,,,,,,,
,00:55:32,112,,,,,,,,,
,00:55:33,113,,,,,,,,,
,00:55:34,113,,,,,,,,,
,00:55:35,113,,,,,,,,,
,00:55:36,114,,,,,,,,,
,00:55:37,113,,,,,,,,,
,00:55:38,112,,,,,,,,,
,00:55:39,110,,,,,,,,,
,00:55:40,109,,,,,,,,,
,00:55:41,109,,,,,,,,,
,00:55:42,109,,,,,,,,,
,00:55:43,109,,,,,,,,,
,00:55:44,110,,,,,,,,,
,00:55:45,111,,,,,,,,,
,00:55:46,113,,,,,,,,,
,00:55:47,114,,,,,,,,,
,00:55:48,114,,,,,,,,,
,00:55:49,114,,,,,,,,,
,00:55:50,114,,,,,,,,,
,00:55:51,114,,,,,,,,,
,00:55:52,114,,,,,,,,,
,00:55:53,114,,,,,,,,,
,00:55:54,115,,,,,,,,,
,00:55:55,116,,,,,,,,,
,00:55:56,117,,,,,,,,,
,00:55:57,119,,,,,,,,,
,00:55:58,119,,,,,,,,,
,00:55:59,119,,,,,,,,,
,00:56:00,119,,,,,,,,,
,00:56:01,118,,,,,,,,,
,00:56:02,118,,,,,,,,,
,00:56:03,117,,,,,,,,,
,00:56:04,116,,,,,,,,,
,00:56:05,115,,,,,,,,,
,00:56:06,115,,,,,,,,,
,00:56:07,115,,,,,,,,,
,00:56:08,115,,,,,,,,,
,00:56:09,116,,,,,,,,,
,00:56:10,116,,,,,,,,,
,00:56:11,117,,,,,,,,,
,00:56:12,118,,,,,,,,,
,00:56:13,119,,,,,,,,,
,00:56:14,120,,,,,,,,,
,00:56:15,122,,,,,,,,,
,00:56:16,122,,,,,,,,,
,00:56:17,120,,,,,,,,,
,00:56:18,119,,,,,,,,,
,00:56:19,116,,,,,,,,,
,00:56:20,113,,,,,,,,,
,00:56:21,112,,,,,,,,,
,00:56:22,112,,,,,,,,,
,00:56:23,112,,,,,,,,,
,00:56:24,111,,,,,,,,,
,00:56:25,111,,,,,,,,,
,00:56:26,111,,,,,,,,,
,00:56:27,111,,,,,,,,,
,00:56:28,110,,,,,,,,,
,00:56:29,109,,,,,,,,,
,00:56:30,109,,,,,,,,,
,00:56:31,109,,,,,,,,,
,00:56:32,109,,,,,,,,,
,00:56:33,109,,,,,,,,,
,00:56:34,109,,,,,,,,,
,00:56:35,108,,,,,,,,,
,00:56:36,108,,,,,,,,,
,00:56:37,105,,,,,,,,,
,00:56:38,105,,,,,,,,,
,00:56:39,106,,,,,,,,,
,00:56:40,107,,,,,,,,,
,00:56:41,108,,,,,,,,,
,00:56:42,108,,,,,,,,,
,00:56:43,108,,,,,,,,,
,00:56:44,108,,,,,,,,,
,00:56:45,108,,,,,,,,,
,00:56:46,108,,,,,,,,,
,00:56:47,108,,,,,,,,,
,00:56:48,108,,,,,,,,,
,00:56:49,108,,,,,,,,,
,00:56:50,108,,,,,,,,,
,00:56:51,107,,,,,,,,,
,00:56:52,106,,,,,,,,,
,00:56:53,106,,,,,,,,,
,00:56:54,106,,,,,,,,,
,00:56:55,106,,,,,,,,,
,00:56:56,106,,,,,,,,,
,00:56:57,105,,,,,,,,,
,00:56:58,105,,,,,,,,,
,00:56:59,104,,,,,,,,,
,00:57:00,104,,,,,,,,,
,00:57:01,105,,,,,,,,,
,00:57:02,105,,,,,,,,,
,00:57:03,105,,,,,,,,,
,00:57:04,105,,,,,,,,,
,00:57:05,105,,,,,,,,,
,00:57:06,105,,,,,,,,,
,00:57:07,105,,,,,,,,,
,00:57:08,105,,,,,,,,,
,00:57:09,105,,,,,,,,,
,00:57:10,106,,,,,,,,,
,00:57:11,106,,,,,,,,,
,00:57:12,106,,,,,,,,,
,00:57:13,106,,,,,,,,,
,00:57:14,106,,,,,,,,,
,00:57:15,106,,,,,,,,,
,00:57:16,107,,,,,,,,,
,00:57:17,107,,,,,,,,,
,00:57:18,109,,,,,,,,,
,00:57:19,110,,,,,,,,,
,00:57:20,112,,,,,,,,,
,00:57:21,113,,,,,,,,,
,00:57:22,114,,,,,,,,,
,00:57:23,114,,,,,,,,,
,00:57:24,113,,,,,,,,,
,00:57:25,111,,,,,,,,,
,00:57:26,110,,,,,,,,,
,00:57:27,110,,,,,,,,,
,00:57:28,109,,,,,,,,,
,00:57:29,109,,,,,,,,,
,00:57:30,110,,,,,,,,,
,00:57:31,110,,,,,,,,,
,00:57:32,110,,,,,,,,,
,00:57:33,109,,,,,,,,,
,00:57:34,108,,,,,,,,,
,00:57:35,107,,,,,,,,,
,00:57:36,107,,,,,,,,,
,00:57:37,107,,,,,,,,,
,00:57:38,107,,,,,,,,,
,00:57:39,107,,,,,,,,,
,00:57:40,108,,,,,,,,,
,00:57:41,108,,,,,,,,,
,00:57:42,109,,,,,,,,,
,00:57:43,108,,,,,,,,,
,00:57:44,107,,,,,,,,,
,00:57:45,106,,,,,,,,,
,00:57:46,105,,,,,,,,,
,00:57:47,105,,,,,,,,,
,00:57:48,105,,,,,,,,,
,00:57:49,106,,,,,,,,,
,00:57:50,107,,,,,,,,,
,00:57:51,107,,,,,,,,,
,00:57:52,108,,,,,,,,,
,00:57:53,107,,,,,,,,,
,00:57:54,107,,,,,,,,,
,00:57:55,106,,,,,,,,,
,00:57:56,106,,,,,,,,,
,00:57:57,106,,,,,,,,,
,00:57:58,106,,,,,,,,,
,00:57:59,106,,,,,,,,,
,00:58:00,107,,,,,,,,,
,00:58:01,107,,,,,,,,,
,00:58:02,108,,,,,,,,,
,00:58:03,108,,,,,,,,,
,00:58:04,108,,,,,,,,,
,00:58:05,107,,,,,,,,,
,00:58:06,106,,,,,,,,,
,00:58:07,106,,,,,,,,,
,00:58:08,106,,,,,,,,,
,00:58:09,106,,,,,,,,,
,00:58:10,107,,,,,,,,,
,00:58:11,107,,,,,,,,,
,00:58:12,108,,,,,,,,,
,00:58:13,109,,,,,,,,,
,00:58:14,109,,,,,,,,,
,00:58:15,108,,,,,,,,,
,00:58:16,107,,,,,,,,,
,00:58:17,107,,,,,,,,,
,00:58:18,106,,,,,,,,,
,00:58:19,105,,,,,,,,,
,00:58:20,106,,,,,,,,,
,00:58:21,106,,,,,,,,,
,00:58:22,106,,,,,,,,,
,00:58:23,107,,,,,,,,,
,00:58:24,107,,,,,,,,,
,00:58:25,107,,,,,,,,,
,00:58:26,108,,,,,,,,,
,00:58:27,108,,,,,,,,,
,00:58:28,107,,,,,,,,,
,00:58:29,108,,,,,,,,,
,00:58:30,109,,,,,,,,,
,00:58:31,110,,,,,,,,,
,00:58:32,112,,,,,,,,,
,00:58:33,113,,,,,,,,,
,00:58:34,113,,,,,,,,,
,00:58:35,112,,,,,,,,,
,00:58:36,111,,,,,,,,,
,00:58:37,110,,,,,,,,,
,00:58:38,109,,,,,,,,,
,00:58:39,109,,,,,,,,,
,00:58:40,108,,,,,,,,,
,00:58:41,107,,,,,,,,,
,00:58:42,107,,,,,,,,,
,00:58:43,108,,,,,,,,,
,00:58:44,108,,,,,,,,,
,00:58:45,109,,,,,,,,,
,00:58:46,109,,,,,,,,,
,00:58:47,108,,,,,,,,,
,00:58:48,107,,,,,,,,,
,00:58:49,105,,,,,,,,,
,00:58:50,105,,,,,,,,,
,00:58:51,104,,,,,,,,,
,00:58:52,104,,,,,,,,,
,00:58:53,106,,,,,,,,,
,00:58:54,107,,,,,,,,,
,00:58:55,107,,,,,,,,,
,00:58:56,108,,,,,,,,,
,00:58:57,108,,,,,,,,,
,00:58:58,106,,,,,,,,,
,00:58:59,105,,,,,,,,,
,00:59:00,105,,,,,,,,,
,00:59:01,104,,,,,,,,,
,00:59:02,104,,,,,,,,,
,00:59:03,104,,,,,,,,,
,00:59:04,104,,,,,,,,,
,00:59:05,105,,,,,,,,,
,00:59:06,106,,,,,,,,,
,00:59:07,106,,,,,,,,,
,00:59:08,106,,,,,,,,,
,00:59:09,106,,,,,,,,,
,00:59:10,105,,,,,,,,,
,00:59:11,105,,,,,,,,,
,00:59:12,105,,,,,,,,,
,00:59:13,105,,,,,,,,,
,00:59:14,105,,,,,,,,,
,00:59:15,105,,,,,,,,,
,00:59:16,105,,,,,,,,,
,00:59:17,106,,,,,,,,,
,00:59:18,106,,,,,,,,,
,00:59:19,105,,,,,,,,,
,00:59:20,105,,,,,,,,,
,00:59:21,105,,,,,,,,,
,00:59:22,106,,,,,,,,,
,00:59:23,107,,,,,,,,,
,00:59:24,108,,,,,,,,,
,00:59:25,110,,,,,,,,,
,00:59:26,110,,,,,,,,,
,00:59:27,112,,,,,,,,,
,00:59:28,113,,,,,,,,,
,00:59:29,112,,,,,,,,,
,00:59:30,112,,,,,,,,,
,00:59:31,111,,,,,,,,,
,00:59:32,111,,,,,,,,,
,00:59:33,110,,,,,,,,,
,00:59:34,110,,,,,,,,,
,00:59:35,110,,,,,,,,,
,00:59:36,107,,,,,,,,,
,00:59:37,107,,,,,,,,,
,00:59:38,106,,,,,,,,,
,00:59:39,106,,,,,,,,,
,00:59:40,106,,,,,,,,,
,00:59:41,106,,,,,,,,,
,00:59:42,106,,,,,,,,,
,00:59:43,105,,,,,,,,,
,00:59:44,104,,,,,,,,,
,00:59:45,104,,,,,,,,,
,00:59:46,104,,,,,,,,,
,00:59:47,103,,,,,,,,,
,00:59:48,103,,,,,,,,,
,00:59:49,106,,,,,,,,,
,00:59:50,106,,,,,,,,,
,00:59:51,106,,,,,,,,,
,00:59:52,106,,,,,,,,,
,00:59:53,106,,,,,,,,,
,00:59:54,106,,,,,,,,,
,00:59:55,104,,,,,,,,,
,00:59:56,104,,,,,,,,,
,00:59:57,104,,,,,,,,,
,00:59:58,104,,,,,,,,,
,00:59:59,105,,,,,,,,,
,01:00:00,106,,,,,,,,,
,01:00:01,106,,,,,,,,,
,01:00:02,106,,,,,,,,,
,01:00:03,105,,,,,,,,,
,01:00:04,105,,,,,,,,,
,01:00:05,105,,,,,,,,,
,01:00:06,104,,,,,,,,,
,01:00:07,104,,,,,,,,,
,01:00:08,105,,,,,,,,,
,01:00:09,105,,,,,,,,,
,01:00:10,105,,,,,,,,,
,01:00:11,106,,,,,,,,,
,01:00:12,105,,,,,,,,,
,01:00:13,105,,,,,,,,,
,01:00:14,104,,,,,,,,,
,01:00:15,103,,,,,,,,,
,01:00:16,102,,,,,,,,,
,01:00:17,102,,,,,,,,,
,01:00:18,102,,,,,,,,,
,01:00:19,103,,,,,,,,,
,01:00:20,104,,,,,,,,,
,01:00:21,104,,,,,,,,,
,01:00:22,104,,,,,,,,,
,01:00:23,104,,,,,,,,,
,01:00:24,104,,,,,,,,,
,01:00:25,104,,,,,,,,,
,01:00:26,103,,,,,,,,,
,01:00:27,103,,,,,,,,,
,01:00:28,103,,,,,,,,,
,01:00:29,103,,,,,,,,,
,01:00:30,105,,,,,,,,,
,01:00:31,108,,,,,,,,,
,01:00:32,108,,,,,,,,,
,01:00:33,111,,,,,,,,,
,01:00:34,111,,,,,,,,,
,01:00:35,112,,,,,,,,,
,01:00:36,112,,,,,,,,,
,01:00:37,111,,,,,,,,,
,01:00:38,110,,,,,,,,,
,01:00:39,110,,,,,,,,,
,01:00:40,109,,,,,,,,,
,01:00:41,109,,,,,,,,,
,01:00:42,109,,,,,,,,,
,01:00:43,109,,,,,,,,,
,01:00:44,108,,,,,,,,,
,01:00:45,108,,,,,,,,,
,01:00:46,107,,,,,,,,,
,01:00:47,107,,,,,,,,,
,01:00:48,107,,,,,,,,,
,01:00:49,107,,,,,,,,,
,01:00:50,107,,,,,,,,,
,01:00:51,106,,,,,,,,,
,01:00:52,106,,,,,,,,,
,01:00:53,107,,,,,,,,,
,01:00:54,107,,,,,,,,,
,01:00:55,106,,,,,,,,,
,01:00:56,106,,,,,,,,,
,01:00:57,106,,,,,,,,,
,01:00:58,105,,,,,,,,,
,01:00:59,105,,,,,,,,,
,01:01:00,105,,,,,,,,,
,01:01:01,106,,,,,,,,,
,01:01:02,106,,,,,,,,,
,01:01:03,106,,,,,,,,,
,01:01:04,106,,,,,,,,,
,01:01:05,105,,,,,,,,,
,01:01:06,105,,,,,,,,,
,01:01:07,105,,,,,,,,,
,01:01:08,105,,,,,,,,,
,01:01:09,105,,,,,,,,,
,01:01:10,105,,,,,,,,,
,01:01:11,107,,,,,,,,,
,01:01:12,107,,,,,,,,,
,01:01:13,107,,,,,,,,,
,01:01:14,107,,,,,,,,,
,01:01:15,106,,,,,,,,,
,01:01:16,106,,,,,,,,,
,01:01:17,106,,,,,,,,,
,01:01:18,106,,,,,,,,,
,01:01:19,107,,,,,,,,,
,01:01:20,107,,,,,,,,,
,01:01:21,108,,,,,,,,,
,01:01:22,107,,,,,,,,,
,01:01:23,107,,,,,,,,,
,01:01:24,106,,,,,,,,,
,01:01:25,106,,,,,,,,,
,01:01:26,106,,,,,,,,,
,01:01:27,106,,,,,,,,,
,01:01:28,106,,,,,,,,,
,01:01:29,108,,,,,,,,,
,01:01:30,108,,,,,,,,,
,01:01:31,109,,,,,,,,,
,01:01:32,109,,,,,,,,,
,01:01:33,108,,,,,,,,,
,01:01:34,108,,,,,,,,,
,01:01:35,106,,,,,,,,,
,01:01:36,107,,,,,,,,,
,01:01:37,108,,,,,,,,,
,01:01:38,109,,,,,,,,,
,01:01:39,109,,,,,,,,,
,01:01:40,110,,,,,,,,,
,01:01:41,110,,,,,,,,,
,01:01:42,110,,,,,,,,,
,01:01:43,110,,,,,,,,,
,01:01:44,111,,,,,,,,,
,01:01:45,110,,,,,,,,,
,01:01:46,108,,,,,,,,,
,01:01:47,108,,,,,,,,,
,01:01:48,108,,,,,,,,,
